timestamp,current,voltage,power,temp_C
25:25.3,1.43,4.31,6.17,40.31
25:25.8,1.44,4.32,6.22,40.21
25:26.3,1.43,4.32,6.2,40.35
25:26.8,1.44,4.32,6.21,40.27
25:27.3,1.44,4.31,6.2,40.27
25:27.8,1.44,4.32,6.21,40.31
25:28.3,1.43,4.31,6.18,40.37
25:28.8,1.45,4.32,6.24,40.39
25:29.3,1.44,4.32,6.24,40.37
25:29.8,1.43,4.32,6.19,40.35
25:30.3,1.44,4.32,6.21,40.35
25:30.8,1.44,4.32,6.23,40.45
25:31.4,1.44,4.31,6.2,40.39
25:31.9,1.43,4.32,6.17,40.39
25:32.4,1.43,4.32,6.18,40.45
25:32.9,1.44,4.32,6.22,40.43
25:33.4,1.44,4.33,6.24,40.51
25:33.9,1.44,4.31,6.2,40.51
25:34.4,1.44,4.32,6.22,40.43
25:34.9,1.44,4.32,6.23,40.55
25:35.4,1.43,4.31,6.16,40.55
25:35.9,1.43,4.32,6.19,40.55
25:36.4,1.45,4.32,6.25,40.55
25:36.9,1.43,4.32,6.18,40.57
25:37.4,1.44,4.32,6.22,40.61
25:37.9,1.44,4.31,6.22,40.63
25:38.4,1.44,4.32,6.21,40.65
25:38.9,1.43,4.32,6.18,40.63
25:39.4,1.44,4.3,6.2,40.63
25:39.9,1.44,4.32,6.21,40.65
25:40.4,1.44,4.32,6.2,40.67
25:40.9,1.45,4.32,6.25,40.73
25:41.4,1.43,4.31,6.18,40.71
25:41.9,1.43,4.31,6.17,40.73
25:42.4,1.44,4.32,6.19,40.75
25:42.9,1.44,4.31,6.22,40.73
25:43.4,1.44,4.31,6.2,40.81
25:43.9,1.43,4.32,6.2,40.75
25:44.4,1.44,4.31,6.19,40.81
25:44.9,1.44,4.31,6.19,40.81
25:45.4,1.44,4.31,6.19,40.83
25:45.9,1.44,4.31,6.2,40.85
25:46.4,1.43,4.32,6.18,40.85
25:46.9,1.43,4.32,6.17,40.93
25:47.4,1.44,4.32,6.21,40.93
25:47.9,1.43,4.32,6.2,40.91
25:48.4,1.43,4.32,6.19,40.91
25:48.9,1.44,4.32,6.19,40.93
25:49.4,1.44,4.32,6.24,40.93
25:49.9,1.44,4.32,6.21,40.99
25:50.4,1.44,4.32,6.21,40.97
25:50.9,1.43,4.32,6.17,41.03
25:51.4,1.44,4.32,6.23,41.01
25:51.9,1.44,4.32,6.22,41.01
25:52.4,1.45,4.32,6.24,41.09
25:52.9,1.44,4.32,6.2,41.11
25:53.4,1.44,4.32,6.22,41.11
25:53.9,1.44,4.32,6.22,41.15
25:54.4,1.44,4.32,6.23,41.09
25:54.9,1.44,4.32,6.25,41.17
25:55.4,1.44,4.32,6.22,41.19
25:55.9,1.44,4.32,6.22,41.19
25:56.5,1.44,4.31,6.2,41.21
25:57.0,1.44,4.32,6.21,41.19
25:57.5,1.44,4.32,6.22,41.25
25:58.0,1.43,4.32,6.17,41.27
25:58.5,1.43,4.32,6.18,41.27
25:59.0,1.44,4.32,6.25,41.25
25:59.5,1.45,4.33,6.28,41.27
26:00.0,1.42,4.31,6.14,41.29
26:00.5,1.44,4.32,6.2,41.35
26:01.0,1.44,4.32,6.2,41.35
26:01.5,1.44,4.32,6.21,41.31
26:02.0,1.44,4.32,6.22,41.39
26:02.5,1.44,4.32,6.22,41.39
26:03.0,1.44,4.32,6.24,41.39
26:03.5,1.44,4.32,6.24,41.43
26:04.0,1.43,4.33,6.19,41.47
26:04.5,1.44,4.32,6.21,41.45
26:05.0,1.43,4.31,6.18,41.49
26:05.5,1.44,4.32,6.22,41.55
26:06.0,1.43,4.32,6.2,41.53
26:06.5,1.44,4.32,6.22,41.55
26:07.0,1.44,4.32,6.21,41.49
26:07.5,1.44,4.32,6.2,41.53
26:08.0,1.44,4.32,6.24,41.59
26:08.5,1.44,4.32,6.22,41.57
26:09.0,1.44,4.3,6.19,41.59
26:09.5,1.44,4.33,6.25,41.57
26:10.0,1.44,4.32,6.22,41.59
26:10.5,1.43,4.32,6.18,41.65
26:11.0,1.44,4.31,6.2,41.65
26:11.5,1.44,4.32,6.21,41.65
26:12.0,1.43,4.32,6.2,41.73
26:12.5,1.44,4.32,6.23,41.65
26:13.0,1.44,4.31,6.21,41.77
26:13.5,1.43,4.31,6.17,41.73
26:14.0,1.44,4.31,6.22,41.75
26:14.5,1.44,4.32,6.22,41.77
26:15.0,1.44,4.31,6.21,41.77
26:15.5,1.43,4.32,6.19,41.85
26:16.0,1.44,4.31,6.2,41.87
26:16.5,1.44,4.32,6.23,41.87
26:17.0,1.44,4.32,6.2,41.83
26:17.5,1.44,4.32,6.22,41.83
26:18.0,1.44,4.32,6.24,41.93
26:18.5,1.45,4.32,6.27,41.85
26:19.0,1.45,4.32,6.25,41.93
26:19.5,1.44,4.32,6.24,41.97
26:20.0,1.43,4.32,6.2,41.91
26:20.5,1.44,4.32,6.2,41.97
26:21.0,1.43,4.32,6.19,41.97
26:21.6,1.45,4.32,6.28,42.01
26:22.1,1.44,4.32,6.22,42.01
26:22.6,1.44,4.32,6.2,42.05
26:23.1,1.43,4.32,6.19,42.03
26:23.6,1.44,4.33,6.25,42.05
26:24.1,1.44,4.32,6.23,42.11
26:24.6,1.44,4.31,6.21,42.13
26:25.1,1.44,4.32,6.23,42.11
26:25.6,1.44,4.33,6.24,42.09
26:26.1,1.44,4.31,6.22,42.15
26:26.6,1.43,4.31,6.17,42.23
26:27.1,1.44,4.32,6.24,42.19
26:27.6,1.43,4.32,6.2,42.19
26:28.1,1.44,4.32,6.2,42.23
26:28.6,1.44,4.32,6.21,42.25
26:29.1,1.45,4.32,6.24,42.23
26:29.6,1.44,4.32,6.21,42.31
26:30.1,1.44,4.32,6.23,42.25
26:30.6,1.44,4.32,6.21,42.33
26:31.1,1.44,4.33,6.24,42.31
26:31.6,1.44,4.32,6.22,42.25
26:32.1,1.44,4.32,6.21,42.33
26:32.6,1.43,4.32,6.17,42.35
26:33.1,1.44,4.32,6.24,42.39
26:33.6,1.44,4.32,6.23,42.35
26:34.1,1.44,4.3,6.2,42.39
26:34.6,1.44,4.32,6.24,42.41
26:35.1,1.44,4.32,6.22,42.41
26:35.6,1.45,4.32,6.26,42.43
26:36.1,1.44,4.31,6.21,42.43
26:36.6,1.45,4.31,6.27,42.43
26:37.1,1.45,4.33,6.27,42.45
26:37.6,1.44,4.32,6.23,42.49
26:38.1,1.44,4.32,6.2,42.43
26:38.6,1.43,4.32,6.19,42.49
26:39.1,1.44,4.32,6.24,42.53
26:39.6,1.44,4.32,6.21,42.57
26:40.1,1.44,4.32,6.21,42.53
26:40.6,1.44,4.32,6.22,42.59
26:41.1,1.44,4.32,6.21,42.57
26:41.6,1.43,4.32,6.19,42.59
26:42.1,1.44,4.31,6.22,42.67
26:42.6,1.45,4.33,6.25,42.61
26:43.1,1.43,4.32,6.19,42.63
26:43.6,1.44,4.32,6.23,42.67
26:44.1,1.44,4.32,6.24,42.69
26:44.6,1.45,4.32,6.25,42.69
26:45.1,1.45,4.32,6.25,42.67
26:45.6,1.45,4.32,6.26,42.67
26:46.1,1.45,4.32,6.24,42.81
26:46.7,1.44,4.32,6.23,42.73
26:47.2,1.44,4.32,6.22,42.79
26:47.7,1.43,4.32,6.17,42.81
26:48.2,1.44,4.32,6.21,42.81
26:48.7,1.44,4.31,6.19,42.81
26:49.2,1.44,4.32,6.24,42.93
26:49.7,1.44,4.32,6.21,42.83
26:50.2,1.44,4.31,6.19,42.87
26:50.7,1.43,4.32,6.19,42.87
26:51.2,1.43,4.32,6.2,42.93
26:51.7,1.44,4.32,6.22,42.99
26:52.2,1.44,4.32,6.2,42.89
26:52.7,1.44,4.32,6.24,42.93
26:53.2,1.44,4.32,6.21,42.93
26:53.7,1.44,4.32,6.2,42.93
26:54.2,1.44,4.32,6.21,43.03
26:54.7,1.44,4.32,6.22,43.01
26:55.2,1.44,4.32,6.21,43.01
26:55.7,1.44,4.32,6.21,43.01
26:56.2,1.44,4.32,6.21,43.03
26:56.7,1.44,4.32,6.24,43.07
26:57.2,1.44,4.33,6.24,43.13
26:57.7,1.43,4.32,6.18,43.13
26:58.2,1.44,4.32,6.22,43.13
26:58.7,1.44,4.32,6.2,43.17
26:59.2,1.43,4.32,6.2,43.13
26:59.7,1.44,4.32,6.22,43.21
27:00.2,1.43,4.32,6.19,43.19
27:00.7,1.44,4.32,6.22,43.19
27:01.2,1.43,4.32,6.18,43.19
27:01.7,1.44,4.32,6.21,43.23
27:02.2,1.44,4.32,6.21,43.27
27:02.7,1.44,4.32,6.23,43.27
27:03.2,1.45,4.32,6.24,43.29
27:03.7,1.44,4.32,6.21,43.31
27:04.2,1.45,4.32,6.24,43.31
27:04.7,1.44,4.32,6.2,43.23
27:05.2,1.44,4.33,6.22,43.31
27:05.7,1.44,4.32,6.21,43.33
27:06.2,1.44,4.32,6.21,43.33
27:06.7,1.44,4.32,6.23,43.31
27:07.2,1.44,4.33,6.21,43.33
27:07.7,1.43,4.32,6.19,43.39
27:08.2,1.44,4.32,6.23,43.43
27:08.7,1.44,4.32,6.21,43.43
27:09.2,1.43,4.32,6.2,43.41
27:09.7,1.44,4.33,6.23,43.41
27:10.2,1.43,4.32,6.2,43.51
27:10.7,1.45,4.33,6.27,43.47
27:11.3,1.44,4.33,6.25,43.51
27:11.8,1.45,4.32,6.26,43.51
27:12.3,1.44,4.32,6.24,43.57
27:12.8,1.44,4.32,6.21,43.53
27:13.3,1.43,4.32,6.2,43.53
27:13.8,1.43,4.32,6.2,43.53
27:14.3,1.44,4.32,6.21,43.61
27:14.8,1.44,4.32,6.24,43.59
27:15.3,1.44,4.32,6.2,43.67
27:15.8,1.44,4.32,6.24,43.61
27:16.3,1.45,4.32,6.26,43.61
27:16.8,1.44,4.32,6.21,43.61
27:17.3,1.44,4.32,6.24,43.63
27:17.8,1.43,4.32,6.19,43.67
27:18.3,1.44,4.31,6.2,43.71
27:18.8,1.43,4.32,6.2,43.73
27:19.3,1.44,4.32,6.22,43.71
27:19.8,1.44,4.32,6.21,43.73
27:20.3,1.45,4.32,6.24,43.69
27:20.8,1.43,4.32,6.19,43.79
27:21.3,1.45,4.32,6.27,43.79
27:21.8,1.44,4.32,6.22,43.77
27:22.3,1.44,4.32,6.23,43.83
27:22.8,1.44,4.32,6.22,43.79
27:23.3,1.45,4.32,6.26,43.79
27:23.8,1.44,4.32,6.22,43.87
27:24.3,1.45,4.33,6.27,43.81
27:24.8,1.44,4.32,6.24,43.83
27:25.3,1.44,4.33,6.25,43.89
27:25.8,1.43,4.32,6.18,43.89
27:26.3,1.43,4.32,6.19,43.87
27:26.8,1.43,4.32,6.19,43.91
27:27.3,1.44,4.32,6.22,43.97
27:27.8,1.44,4.32,6.23,43.97
27:28.3,1.44,4.32,6.21,43.93
27:28.8,1.43,4.33,6.19,43.93
27:29.3,1.45,4.32,6.25,43.97
27:29.8,1.44,4.32,6.22,43.93
27:30.3,1.45,4.32,6.25,43.99
27:30.8,1.45,4.32,6.25,44.03
27:31.3,1.44,4.32,6.22,44.07
27:31.8,1.44,4.32,6.21,44.07
27:32.3,1.43,4.32,6.18,44.07
27:32.8,1.44,4.32,6.23,44.03
27:33.3,1.44,4.32,6.22,44.07
27:33.8,1.44,4.31,6.22,44.07
27:34.3,1.44,4.33,6.24,44.19
27:34.8,1.44,4.32,6.24,44.19
27:35.3,1.45,4.32,6.25,44.15
27:35.8,1.44,4.32,6.22,44.19
27:36.4,1.44,4.32,6.22,44.19
27:36.9,1.44,4.32,6.21,44.21
27:37.4,1.44,4.32,6.22,44.19
27:37.9,1.44,4.32,6.24,44.19
27:38.4,1.44,4.33,6.25,44.23
27:38.9,1.43,4.32,6.2,44.25
27:39.4,1.44,4.32,6.21,44.29
27:39.9,1.45,4.32,6.26,44.29
27:40.4,1.44,4.32,6.22,44.25
27:40.9,1.43,4.32,6.19,44.31
27:41.4,1.44,4.32,6.25,44.31
27:41.9,1.46,4.32,6.29,44.33
27:42.4,1.45,4.32,6.25,44.33
27:42.9,1.44,4.33,6.23,44.35
27:43.4,1.44,4.32,6.21,44.29
27:43.9,1.44,4.32,6.23,44.35
27:44.4,1.44,4.32,6.22,44.41
27:44.9,1.44,4.32,6.23,44.35
27:45.4,1.44,4.32,6.22,44.41
27:45.9,1.44,4.33,6.23,44.45
27:46.4,1.43,4.32,6.2,44.45
27:46.9,1.44,4.32,6.22,44.45
27:47.4,1.44,4.33,6.24,44.45
27:47.9,1.44,4.32,6.21,44.45
27:48.4,1.44,4.32,6.21,44.49
27:48.9,1.45,4.32,6.26,44.49
27:49.4,1.44,4.32,6.25,44.49
27:49.9,1.43,4.33,6.21,44.51
27:50.4,1.44,4.32,6.23,44.53
27:50.9,1.44,4.32,6.24,44.51
27:51.4,1.44,4.31,6.19,44.53
27:51.9,1.43,4.32,6.2,44.51
27:52.4,1.45,4.33,6.26,44.53
27:52.9,1.44,4.32,6.22,44.57
27:53.4,1.44,4.32,6.22,44.61
27:53.9,1.44,4.32,6.23,44.63
27:54.4,1.44,4.32,6.23,44.57
27:54.9,1.43,4.31,6.17,44.65
27:55.4,1.44,4.32,6.21,44.65
27:55.9,1.45,4.32,6.26,44.63
27:56.4,1.43,4.32,6.18,44.67
27:56.9,1.45,4.31,6.24,44.67
27:57.4,1.44,4.32,6.21,44.75
27:57.9,1.44,4.32,6.24,44.73
27:58.4,1.44,4.32,6.21,44.75
27:58.9,1.44,4.32,6.22,44.73
27:59.4,1.44,4.32,6.22,44.77
27:59.9,1.44,4.32,6.23,44.83
28:00.4,1.44,4.32,6.21,44.83
28:00.9,1.44,4.31,6.19,44.83
28:01.5,1.44,4.32,6.23,44.81
28:02.0,1.44,4.32,6.22,44.83
28:02.5,1.43,4.32,6.2,44.91
28:03.0,1.44,4.32,6.21,44.87
28:03.5,1.45,4.32,6.25,44.85
28:04.0,1.44,4.33,6.24,44.81
28:04.5,1.44,4.32,6.22,44.95
28:05.0,1.44,4.33,6.25,44.93
28:05.5,1.45,4.32,6.27,44.97
28:06.0,1.44,4.33,6.22,44.93
28:06.5,1.44,4.32,6.23,44.95
28:07.0,1.44,4.32,6.23,44.99
28:07.5,1.44,4.32,6.24,45.03
28:08.0,1.44,4.32,6.21,44.99
28:08.5,1.44,4.32,6.23,45.07
28:09.0,1.44,4.32,6.21,45.07
28:09.5,1.44,4.33,6.22,45.05
28:10.0,1.44,4.32,6.2,45.09
28:10.5,1.44,4.32,6.24,45.09
28:11.0,1.43,4.32,6.19,45.09
28:11.5,1.44,4.32,6.24,45.13
28:12.0,1.44,4.32,6.22,45.13
28:12.5,1.44,4.32,6.21,45.13
28:13.0,1.44,4.33,6.24,45.17
28:13.5,1.44,4.33,6.25,45.19
28:14.0,1.43,4.32,6.18,45.19
28:14.5,1.44,4.32,6.21,45.19
28:15.0,1.43,4.33,6.21,45.29
28:15.5,1.44,4.31,6.21,45.19
28:16.0,1.44,4.33,6.22,45.19
28:16.5,1.43,4.32,6.19,45.23
28:17.0,1.44,4.33,6.24,45.25
28:17.5,1.44,4.32,6.24,45.23
28:18.0,1.44,4.31,6.21,45.37
28:18.5,1.44,4.32,6.23,45.23
28:19.0,1.44,4.32,6.24,45.37
28:19.5,1.45,4.32,6.26,45.29
28:20.0,1.44,4.32,6.24,45.35
28:20.5,1.44,4.32,6.24,45.35
28:21.0,1.44,4.32,6.24,45.29
28:21.5,1.45,4.32,6.25,45.41
28:22.0,1.43,4.32,6.19,45.37
28:22.5,1.44,4.32,6.22,45.37
28:23.0,1.44,4.32,6.22,45.41
28:23.5,1.44,4.32,6.22,45.35
28:24.0,1.43,4.32,6.19,45.47
28:24.5,1.44,4.32,6.23,45.47
28:25.0,1.44,4.32,6.22,45.49
28:25.5,1.45,4.32,6.25,45.39
28:26.1,1.44,4.32,6.21,45.45
28:26.6,1.44,4.32,6.23,45.47
28:27.1,1.44,4.32,6.21,45.47
28:27.6,1.45,4.32,6.25,45.47
28:28.1,1.44,4.32,6.21,45.49
28:28.6,1.44,4.32,6.24,45.51
28:29.1,1.44,4.33,6.22,45.57
28:29.6,1.44,4.32,6.23,45.53
28:30.1,1.44,4.32,6.22,45.57
28:30.6,1.44,4.33,6.22,45.51
28:31.1,1.44,4.32,6.22,45.53
28:31.6,1.45,4.33,6.26,45.59
28:32.1,1.45,4.32,6.25,45.59
28:32.6,1.44,4.33,6.25,45.61
28:33.1,1.44,4.32,6.22,45.63
28:33.6,1.44,4.32,6.23,45.63
28:34.1,1.44,4.32,6.23,45.69
28:34.6,1.44,4.32,6.23,45.61
28:35.1,1.44,4.32,6.23,45.63
28:35.6,1.44,4.33,6.24,45.63
28:36.1,1.45,4.33,6.26,45.71
28:36.6,1.44,4.33,6.23,45.71
28:37.1,1.44,4.32,6.22,45.79
28:37.6,1.44,4.32,6.24,45.71
28:38.1,1.44,4.33,6.23,45.73
28:38.6,1.43,4.32,6.2,45.73
28:39.1,1.44,4.32,6.23,45.75
28:39.6,1.44,4.32,6.22,45.81
28:40.1,1.44,4.33,6.24,45.91
28:40.6,1.44,4.32,6.21,45.83
28:41.1,1.45,4.32,6.25,45.81
28:41.6,1.44,4.31,6.21,45.85
28:42.1,1.43,4.32,6.2,45.89
28:42.6,1.45,4.32,6.25,45.85
28:43.1,1.44,4.32,6.2,45.91
28:43.6,1.44,4.32,6.22,45.93
28:44.1,1.44,4.32,6.21,45.91
28:44.6,1.45,4.32,6.26,45.91
28:45.1,1.44,4.32,6.22,45.91
28:45.6,1.44,4.32,6.22,45.91
28:46.1,1.44,4.32,6.23,45.95
28:46.6,1.44,4.32,6.23,45.93
28:47.1,1.44,4.32,6.22,45.95
28:47.6,1.44,4.33,6.23,45.97
28:48.1,1.44,4.32,6.24,45.97
28:48.6,1.44,4.32,6.22,46.03
28:49.1,1.44,4.32,6.21,46.01
28:49.6,1.44,4.33,6.24,46.03
28:50.1,1.44,4.31,6.19,46.03
28:50.6,1.44,4.32,6.24,46.05
28:51.2,1.45,4.32,6.25,46.05
28:51.7,1.44,4.32,6.25,46.03
28:52.2,1.44,4.31,6.21,46.17
28:52.7,1.44,4.33,6.25,46.13
28:53.2,1.44,4.32,6.22,46.15
28:53.7,1.44,4.32,6.23,46.19
28:54.2,1.44,4.32,6.2,46.17
28:54.7,1.44,4.32,6.22,46.19
28:55.2,1.44,4.33,6.22,46.23
28:55.7,1.44,4.32,6.22,46.25
28:56.2,1.44,4.32,6.23,46.23
28:56.7,1.44,4.32,6.22,46.23
28:57.2,1.44,4.32,6.22,46.27
28:57.7,1.44,4.31,6.22,46.27
28:58.2,1.44,4.32,6.2,46.25
28:58.7,1.44,4.32,6.23,46.27
28:59.2,1.44,4.32,6.24,46.35
28:59.7,1.43,4.31,6.19,46.35
29:00.2,1.44,4.32,6.2,46.37
29:00.7,1.44,4.32,6.22,46.37
29:01.2,1.43,4.32,6.19,46.37
29:01.7,1.44,4.32,6.23,46.39
29:02.2,1.44,4.32,6.21,46.37
29:02.7,1.44,4.32,6.22,46.41
29:03.2,1.44,4.32,6.22,46.41
29:03.7,1.44,4.32,6.23,46.39
29:04.2,1.45,4.32,6.28,46.45
29:04.7,1.44,4.32,6.23,46.49
29:05.2,1.44,4.32,6.21,46.49
29:05.7,1.43,4.32,6.18,46.49
29:06.2,1.44,4.32,6.23,46.49
29:06.7,1.44,4.33,6.22,46.49
29:07.2,1.44,4.32,6.23,46.49
29:07.7,1.44,4.32,6.23,46.53
29:08.2,1.45,4.32,6.25,46.49
29:08.7,1.44,4.32,6.21,46.51
29:09.2,1.44,4.32,6.23,46.53
29:09.7,1.44,4.32,6.21,46.53
29:10.2,1.44,4.32,6.23,46.57
29:10.7,1.44,4.33,6.23,46.53
29:11.2,1.44,4.32,6.22,46.53
29:11.7,1.44,4.32,6.22,46.53
29:12.2,1.44,4.32,6.22,46.57
29:12.7,1.44,4.32,6.21,46.57
29:13.2,1.44,4.32,6.23,46.57
29:13.7,1.44,4.32,6.22,46.59
29:14.2,1.44,4.31,6.2,46.57
29:14.7,1.44,4.32,6.22,46.59
29:15.2,1.44,4.32,6.23,46.59
29:15.8,1.44,4.32,6.24,46.59
29:16.3,1.44,4.32,6.24,46.71
29:16.8,1.44,4.32,6.24,46.71
29:17.3,1.44,4.32,6.23,46.65
29:17.8,1.44,4.32,6.21,46.73
29:18.3,1.44,4.32,6.22,46.69
29:18.8,1.44,4.32,6.22,46.75
29:19.3,1.44,4.33,6.24,46.79
29:19.8,1.44,4.32,6.22,46.79
29:20.3,1.45,4.32,6.24,46.79
29:20.8,1.45,4.32,6.26,46.71
29:21.3,1.45,4.32,6.26,46.81
29:21.8,1.44,4.33,6.24,46.83
29:22.3,1.44,4.32,6.22,46.83
29:22.8,1.44,4.32,6.2,46.85
29:23.3,1.44,4.32,6.25,46.83
29:23.8,1.44,4.32,6.22,46.81
29:24.3,1.44,4.32,6.23,46.91
29:24.8,1.44,4.32,6.24,46.87
29:25.3,1.44,4.32,6.22,46.85
29:25.8,1.45,4.33,6.26,46.91
29:26.3,1.44,4.32,6.23,46.87
29:26.8,1.44,4.32,6.21,46.87
29:27.3,1.44,4.32,6.23,46.97
29:27.8,1.44,4.32,6.23,46.97
29:28.3,1.45,4.33,6.29,46.91
29:28.8,1.43,4.32,6.2,46.95
29:29.3,1.44,4.32,6.22,46.99
29:29.8,1.44,4.32,6.22,46.97
29:30.3,1.45,4.32,6.26,46.95
29:30.8,1.44,4.32,6.22,46.99
29:31.3,1.44,4.32,6.23,47.07
29:31.8,1.44,4.32,6.21,47.05
29:32.3,1.44,4.32,6.22,47.07
29:32.8,1.44,4.33,6.22,47.03
29:33.3,1.44,4.32,6.23,47.07
29:33.8,1.44,4.32,6.22,47.05
29:34.3,1.44,4.32,6.21,47.09
29:34.8,1.45,4.32,6.26,47.07
29:35.3,1.44,4.32,6.22,47.11
29:35.8,1.44,4.32,6.24,47.07
29:36.3,1.44,4.32,6.22,47.15
29:36.8,1.44,4.32,6.22,47.09
29:37.3,1.44,4.32,6.24,47.11
29:37.8,1.43,4.32,6.19,47.15
29:38.3,1.45,4.32,6.25,47.15
29:38.8,1.44,4.32,6.23,47.15
29:39.3,1.44,4.32,6.25,47.15
29:39.8,1.44,4.33,6.24,47.15
29:40.3,1.44,4.32,6.24,47.21
29:40.9,1.44,4.32,6.21,47.19
29:41.4,1.44,4.32,6.24,47.19
29:41.9,1.44,4.33,6.25,47.29
29:42.4,1.45,4.32,6.25,47.23
29:42.9,1.44,4.32,6.23,47.27
29:43.4,1.45,4.32,6.25,47.27
29:43.9,1.44,4.32,6.21,47.31
29:44.4,1.44,4.31,6.19,47.31
29:44.9,1.44,4.33,6.25,47.35
29:45.4,1.44,4.32,6.22,47.39
29:45.9,1.45,4.32,6.28,47.31
29:46.4,1.45,4.32,6.25,47.39
29:46.9,1.44,4.33,6.24,47.41
29:47.4,1.44,4.32,6.22,47.39
29:47.9,1.44,4.32,6.24,47.33
29:48.4,1.44,4.32,6.24,47.47
29:48.9,1.44,4.32,6.24,47.45
29:49.4,1.45,4.33,6.28,47.45
29:49.9,1.44,4.32,6.23,47.51
29:50.4,1.45,4.32,6.24,47.43
29:50.9,1.44,4.32,6.24,47.47
29:51.4,1.44,4.32,6.23,47.51
29:51.9,1.44,4.32,6.25,47.57
29:52.4,1.45,4.33,6.28,47.55
29:52.9,1.45,4.32,6.25,47.47
29:53.4,1.44,4.32,6.24,47.57
29:53.9,1.44,4.32,6.22,47.55
29:54.4,1.44,4.33,6.23,47.63
29:54.9,1.44,4.32,6.22,47.63
29:55.4,1.44,4.32,6.22,47.63
29:55.9,1.44,4.32,6.24,47.55
29:56.4,1.44,4.32,6.25,47.63
29:56.9,1.44,4.32,6.21,47.63
29:57.4,1.45,4.32,6.26,47.65
29:57.9,1.44,4.33,6.23,47.63
29:58.4,1.44,4.32,6.23,47.67
29:58.9,1.44,4.32,6.2,47.67
29:59.4,1.44,4.32,6.2,47.69
29:59.9,1.44,4.33,6.23,47.69
30:00.4,1.45,4.33,6.26,47.73
30:00.9,1.44,4.32,6.21,47.73
30:01.4,1.44,4.32,6.22,47.69
30:01.9,1.45,4.32,6.24,47.69
30:02.4,1.44,4.32,6.24,47.81
30:02.9,1.44,4.32,6.22,47.73
30:03.4,1.44,4.32,6.21,47.73
30:03.9,1.44,4.32,6.24,47.77
30:04.4,1.44,4.32,6.24,47.79
30:04.9,1.45,4.32,6.25,47.79
30:05.4,1.45,4.32,6.27,47.79
30:06.0,1.45,4.32,6.25,47.79
30:06.5,1.44,4.33,6.24,47.79
30:07.0,1.44,4.32,6.24,47.79
30:07.5,1.43,4.32,6.19,47.81
30:08.0,1.45,4.33,6.26,47.89
30:08.5,1.45,4.32,6.25,47.79
30:09.0,1.43,4.32,6.2,47.85
30:09.5,1.45,4.32,6.26,47.85
30:10.0,1.45,4.32,6.25,47.93
30:10.5,1.45,4.33,6.27,47.89
30:11.0,1.44,4.33,6.24,47.87
30:11.5,1.44,4.32,6.24,47.91
30:12.0,1.44,4.33,6.25,47.91
30:12.5,1.44,4.32,6.23,47.97
30:13.0,1.44,4.32,6.23,47.97
30:13.5,1.43,4.32,6.2,47.99
30:14.0,1.44,4.32,6.24,47.99
30:14.5,1.44,4.32,6.21,47.91
30:15.0,1.44,4.33,6.25,47.93
30:15.5,1.44,4.33,6.24,47.91
30:16.0,1.44,4.33,6.23,47.99
30:16.5,1.44,4.32,6.23,48.03
30:17.0,1.44,4.33,6.22,48.03
30:17.5,1.45,4.32,6.25,48.03
30:18.0,1.44,4.32,6.24,48.05
30:18.5,1.44,4.32,6.24,48.07
30:19.0,1.44,4.32,6.21,48.11
30:19.5,1.44,4.32,6.21,48.11
30:20.0,1.44,4.32,6.23,48.11
30:20.5,1.44,4.32,6.24,48.13
30:21.0,1.44,4.32,6.25,48.05
30:21.5,1.44,4.32,6.21,48.11
30:22.0,1.44,4.32,6.23,48.07
30:22.5,1.44,4.33,6.24,48.13
30:23.0,1.44,4.32,6.22,48.17
30:23.5,1.44,4.32,6.24,48.13
30:24.0,1.44,4.32,6.21,48.19
30:24.5,1.44,4.32,6.21,48.17
30:25.0,1.44,4.33,6.24,48.15
30:25.5,1.44,4.32,6.22,48.19
30:26.0,1.44,4.32,6.22,48.23
30:26.5,1.44,4.32,6.25,48.23
30:27.0,1.44,4.32,6.23,48.23
30:27.5,1.44,4.33,6.22,48.23
30:28.0,1.44,4.32,6.25,48.19
30:28.5,1.45,4.33,6.26,48.23
30:29.0,1.44,4.32,6.24,48.29
30:29.5,1.44,4.32,6.22,48.27
30:30.0,1.44,4.32,6.22,48.27
30:30.5,1.44,4.32,6.23,48.31
30:31.1,1.44,4.33,6.25,48.27
30:31.6,1.44,4.32,6.23,48.31
30:32.1,1.44,4.32,6.23,48.35
30:32.6,1.44,4.32,6.21,48.37
30:33.1,1.45,4.32,6.28,48.37
30:33.6,1.44,4.32,6.24,48.39
30:34.1,1.44,4.32,6.23,48.35
30:34.6,1.44,4.31,6.22,48.37
30:35.1,1.44,4.32,6.23,48.49
30:35.6,1.44,4.32,6.23,48.43
30:36.1,1.44,4.32,6.22,48.41
30:36.6,1.44,4.32,6.23,48.41
30:37.1,1.44,4.32,6.21,48.47
30:37.6,1.44,4.33,6.24,48.47
30:38.1,1.43,4.32,6.18,48.43
30:38.6,1.45,4.32,6.25,48.47
30:39.1,1.44,4.33,6.25,48.49
30:39.6,1.44,4.32,6.23,48.51
30:40.1,1.44,4.32,6.22,48.49
30:40.6,1.45,4.33,6.28,48.53
30:41.1,1.45,4.32,6.25,48.55
30:41.6,1.44,4.32,6.23,48.53
30:42.1,1.45,4.32,6.25,48.53
30:42.6,1.44,4.32,6.22,48.59
30:43.1,1.44,4.32,6.22,48.55
30:43.6,1.44,4.32,6.23,48.59
30:44.1,1.45,4.32,6.24,48.55
30:44.6,1.44,4.32,6.23,48.61
30:45.1,1.44,4.33,6.25,48.63
30:45.6,1.44,4.32,6.2,48.61
30:46.1,1.44,4.32,6.23,48.61
30:46.6,1.44,4.32,6.25,48.59
30:47.1,1.44,4.32,6.23,48.65
30:47.6,1.44,4.32,6.2,48.63
30:48.1,1.45,4.32,6.26,48.65
30:48.6,1.44,4.32,6.22,48.69
30:49.1,1.44,4.32,6.21,48.77
30:49.6,1.44,4.32,6.2,48.65
30:50.1,1.44,4.32,6.21,48.77
30:50.6,1.44,4.33,6.24,48.67
30:51.1,1.43,4.32,6.18,48.73
30:51.6,1.44,4.32,6.23,48.69
30:52.1,1.45,4.32,6.25,48.79
30:52.6,1.44,4.32,6.2,48.81
30:53.1,1.44,4.33,6.23,48.79
30:53.6,1.44,4.31,6.2,48.85
30:54.1,1.44,4.32,6.23,48.85
30:54.6,1.44,4.32,6.24,48.81
30:55.1,1.44,4.32,6.21,48.81
30:55.7,1.45,4.32,6.25,48.85
30:56.2,1.44,4.32,6.21,48.87
30:56.7,1.43,4.32,6.2,48.87
30:57.2,1.44,4.32,6.23,48.91
30:57.7,1.44,4.33,6.23,48.89
30:58.2,1.44,4.32,6.24,48.91
30:58.7,1.44,4.32,6.22,48.91
30:59.2,1.44,4.32,6.23,48.97
30:59.7,1.44,4.32,6.23,48.97
31:00.2,1.44,4.32,6.24,48.93
31:00.7,1.44,4.31,6.21,48.93
31:01.2,1.44,4.32,6.24,48.97
31:01.7,1.44,4.32,6.25,48.99
31:02.2,1.44,4.32,6.21,48.99
31:02.7,1.45,4.33,6.26,49.01
31:03.2,1.44,4.32,6.23,49.05
31:03.7,1.44,4.32,6.22,49.03
31:04.2,1.44,4.32,6.21,48.99
31:04.7,1.44,4.32,6.23,49.11
31:05.2,1.44,4.32,6.21,48.99
31:05.7,1.44,4.32,6.22,49.03
31:06.2,1.44,4.32,6.21,49.07
31:06.7,1.45,4.32,6.25,49.03
31:07.2,1.45,4.32,6.27,49.15
31:07.7,1.44,4.32,6.23,49.13
31:08.2,1.44,4.32,6.2,49.13
31:08.7,1.44,4.32,6.21,49.15
31:09.2,1.44,4.33,6.22,49.15
31:09.7,1.44,4.32,6.22,49.17
31:10.2,1.44,4.33,6.25,49.11
31:10.7,1.45,4.32,6.25,49.13
31:11.2,1.44,4.32,6.22,49.15
31:11.7,1.43,4.32,6.19,49.25
31:12.2,1.44,4.33,6.24,49.25
31:12.7,1.44,4.32,6.22,49.23
31:13.2,1.44,4.32,6.23,49.19
31:13.7,1.44,4.32,6.23,49.25
31:14.2,1.44,4.33,6.23,49.29
31:14.7,1.44,4.32,6.22,49.19
31:15.2,1.44,4.32,6.24,49.27
31:15.7,1.44,4.32,6.22,49.27
31:16.2,1.44,4.32,6.22,49.29
31:16.7,1.45,4.33,6.28,49.27
31:17.2,1.44,4.32,6.2,49.27
31:17.7,1.44,4.33,6.23,49.37
31:18.2,1.44,4.33,6.22,49.33
31:18.7,1.43,4.32,6.18,49.33
31:19.2,1.44,4.32,6.2,49.37
31:19.7,1.44,4.32,6.24,49.31
31:20.2,1.44,4.32,6.24,49.33
31:20.8,1.45,4.32,6.26,49.39
31:21.3,1.43,4.31,6.19,49.39
31:21.8,1.45,4.32,6.26,49.39
31:22.3,1.44,4.32,6.23,49.41
31:22.8,1.44,4.32,6.23,49.41
31:23.3,1.43,4.31,6.16,49.45
31:23.8,1.44,4.33,6.22,49.43
31:24.3,1.43,4.32,6.18,49.39
31:24.8,1.44,4.31,6.2,49.45
31:25.3,1.44,4.32,6.22,49.45
31:25.8,1.44,4.32,6.23,49.45
31:26.3,1.44,4.33,6.24,49.45
31:26.8,1.44,4.32,6.22,49.49
31:27.3,1.45,4.32,6.25,49.49
31:27.8,1.44,4.33,6.25,49.51
31:28.3,1.44,4.32,6.24,49.49
31:28.8,1.44,4.31,6.2,49.51
31:29.3,1.44,4.32,6.23,49.53
31:29.8,1.44,4.33,6.24,49.53
31:30.3,1.44,4.32,6.25,49.51
31:30.8,1.43,4.31,6.18,49.55
31:31.3,1.45,4.32,6.25,49.55
31:31.8,1.44,4.33,6.23,49.55
31:32.3,1.44,4.33,6.21,49.55
31:32.8,1.45,4.32,6.25,49.57
31:33.3,1.44,4.32,6.2,49.61
31:33.8,1.44,4.32,6.24,49.59
31:34.3,1.45,4.33,6.27,49.59
31:34.8,1.44,4.32,6.22,49.59
31:35.3,1.44,4.32,6.21,49.65
31:35.8,1.44,4.33,6.24,49.61
31:36.3,1.44,4.33,6.23,49.65
31:36.8,1.44,4.32,6.24,49.67
31:37.3,1.44,4.32,6.22,49.65
31:37.8,1.45,4.33,6.28,49.61
31:38.3,1.45,4.32,6.25,49.67
31:38.8,1.44,4.32,6.23,49.69
31:39.3,1.44,4.32,6.21,49.69
31:39.8,1.44,4.32,6.21,49.73
31:40.3,1.44,4.32,6.22,49.71
31:40.8,1.44,4.31,6.22,49.71
31:41.3,1.44,4.32,6.24,49.77
31:41.8,1.45,4.32,6.25,49.73
31:42.3,1.45,4.33,6.28,49.79
31:42.8,1.44,4.32,6.22,49.73
31:43.3,1.45,4.32,6.26,49.73
31:43.8,1.44,4.32,6.22,49.81
31:44.3,1.44,4.32,6.22,49.79
31:44.8,1.44,4.32,6.21,49.81
31:45.3,1.44,4.32,6.23,49.77
31:45.9,1.44,4.32,6.24,49.81
31:46.4,1.44,4.32,6.21,49.83
31:46.9,1.45,4.32,6.26,49.81
31:47.4,1.45,4.32,6.28,49.83
31:47.9,1.44,4.32,6.23,49.83
31:48.4,1.45,4.32,6.25,49.85
31:48.9,1.44,4.32,6.21,49.95
31:49.4,1.44,4.32,6.24,49.93
31:49.9,1.44,4.32,6.22,49.97
31:50.4,1.44,4.32,6.24,49.95
31:50.9,1.44,4.33,6.25,49.95
31:51.4,1.44,4.33,6.24,49.97
31:51.9,1.44,4.32,6.21,50.01
31:52.4,1.44,4.32,6.21,49.99
31:52.9,1.44,4.32,6.2,49.97
31:53.4,1.44,4.33,6.25,50.05
31:53.9,1.45,4.32,6.25,50.01
31:54.4,1.44,4.32,6.23,50.01
31:54.9,1.44,4.32,6.2,50.05
31:55.4,1.45,4.32,6.27,50.01
31:55.9,1.44,4.33,6.25,50.01
31:56.4,1.44,4.32,6.22,50.07
31:56.9,1.44,4.33,6.22,50.07
31:57.4,1.44,4.32,6.19,50.07
31:57.9,1.45,4.32,6.25,50.09
31:58.4,1.44,4.33,6.24,50.09
31:58.9,1.43,4.32,6.19,50.09
31:59.4,1.44,4.32,6.23,50.11
31:59.9,1.44,4.32,6.24,50.11
32:00.4,1.44,4.33,6.22,50.11
32:00.9,1.44,4.32,6.23,50.15
32:01.4,1.44,4.32,6.22,50.11
32:01.9,1.44,4.32,6.22,50.11
32:02.4,1.44,4.32,6.24,50.15
32:02.9,1.43,4.32,6.18,50.13
32:03.4,1.45,4.32,6.25,50.15
32:03.9,1.45,4.32,6.27,50.23
32:04.4,1.44,4.32,6.21,50.21
32:04.9,1.44,4.32,6.23,50.23
32:05.4,1.45,4.33,6.27,50.23
32:05.9,1.43,4.32,6.19,50.21
32:06.4,1.43,4.32,6.2,50.23
32:06.9,1.44,4.33,6.22,50.31
32:07.4,1.44,4.32,6.22,50.23
32:07.9,1.44,4.32,6.22,50.31
32:08.4,1.45,4.32,6.25,50.25
32:08.9,1.44,4.32,6.22,50.25
32:09.4,1.45,4.33,6.25,50.23
32:09.9,1.45,4.33,6.25,50.25
32:10.4,1.45,4.32,6.29,50.25
32:11.0,1.45,4.32,6.26,50.33
32:11.5,1.44,4.33,6.25,50.31
32:12.0,1.44,4.32,6.19,50.33
32:12.5,1.44,4.32,6.23,50.27
32:13.0,1.44,4.32,6.22,50.33
32:13.5,1.45,4.33,6.29,50.37
32:14.0,1.44,4.32,6.22,50.35
32:14.5,1.44,4.32,6.21,50.35
32:15.0,1.45,4.32,6.26,50.35
32:15.5,1.44,4.32,6.21,50.33
32:16.0,1.43,4.31,6.17,50.35
32:16.5,1.44,4.32,6.23,50.35
32:17.0,1.44,4.32,6.23,50.35
32:17.5,1.43,4.32,6.19,50.37
32:18.0,1.44,4.32,6.22,50.39
32:18.5,1.44,4.32,6.22,50.39
32:19.0,1.45,4.32,6.26,50.39
32:19.5,1.44,4.33,6.22,50.41
32:20.0,1.43,4.32,6.18,50.47
32:20.5,1.44,4.32,6.23,50.39
32:21.0,1.44,4.32,6.23,50.41
32:21.5,1.43,4.32,6.19,50.45
32:22.0,1.44,4.33,6.24,50.51
32:22.5,1.44,4.32,6.2,50.45
32:23.0,1.44,4.32,6.22,50.51
32:23.5,1.44,4.32,6.24,50.51
32:24.0,1.44,4.32,6.23,50.49
32:24.5,1.44,4.32,6.22,50.53
32:25.0,1.44,4.32,6.21,50.53
32:25.5,1.45,4.32,6.26,50.59
32:26.0,1.43,4.32,6.19,50.55
32:26.5,1.45,4.32,6.26,50.67
32:27.0,1.44,4.32,6.23,50.63
32:27.5,1.45,4.32,6.26,50.65
32:28.0,1.44,4.33,6.23,50.65
32:28.5,1.43,4.32,6.17,50.63
32:29.0,1.44,4.31,6.22,50.65
32:29.5,1.45,4.32,6.28,50.63
32:30.0,1.43,4.33,6.2,50.67
32:30.5,1.44,4.32,6.24,50.65
32:31.0,1.44,4.32,6.23,50.63
32:31.5,1.44,4.32,6.23,50.69
32:32.0,1.44,4.32,6.23,50.69
32:32.5,1.44,4.32,6.23,50.69
32:33.0,1.44,4.32,6.21,50.73
32:33.5,1.45,4.33,6.27,50.69
32:34.0,1.44,4.32,6.24,50.75
32:34.5,1.44,4.31,6.2,50.73
32:35.0,1.44,4.32,6.24,50.75
32:35.6,1.44,4.32,6.23,50.75
32:36.1,1.44,4.32,6.22,50.77
32:36.6,1.45,4.32,6.25,50.81
32:37.1,1.44,4.32,6.23,50.73
32:37.6,1.44,4.32,6.24,50.79
32:38.1,1.44,4.32,6.23,50.77
32:38.6,1.44,4.31,6.23,50.81
32:39.1,1.44,4.33,6.22,50.77
32:39.6,1.45,4.32,6.26,50.81
32:40.1,1.45,4.32,6.26,50.89
32:40.6,1.43,4.32,6.19,50.89
32:41.1,1.43,4.32,6.2,50.83
32:41.6,1.44,4.32,6.21,50.89
32:42.1,1.44,4.32,6.23,50.81
32:42.6,1.43,4.32,6.19,50.83
32:43.1,1.44,4.32,6.2,50.87
32:43.6,1.44,4.33,6.24,50.83
32:44.1,1.44,4.32,6.24,50.89
32:44.6,1.44,4.32,6.21,50.83
32:45.1,1.43,4.32,6.2,50.87
32:45.6,1.44,4.32,6.21,50.89
32:46.1,1.45,4.32,6.25,50.89
32:46.6,1.44,4.32,6.2,50.93
32:47.1,1.44,4.32,6.22,50.89
32:47.6,1.44,4.32,6.24,50.93
32:48.1,1.44,4.33,6.22,50.93
32:48.6,1.44,4.32,6.23,50.93
32:49.1,1.44,4.32,6.22,50.93
32:49.6,1.44,4.32,6.23,50.95
32:50.1,1.44,4.32,6.21,50.89
32:50.6,1.44,4.33,6.24,51.03
32:51.1,1.43,4.32,6.19,50.93
32:51.6,1.45,4.32,6.25,51.01
32:52.1,1.44,4.32,6.24,51.01
32:52.6,1.44,4.32,6.22,51.01
32:53.1,1.44,4.33,6.24,51.01
32:53.6,1.45,4.32,6.27,51.05
32:54.1,1.44,4.32,6.23,51.05
32:54.6,1.44,4.32,6.25,51.09
32:55.1,1.44,4.32,6.22,51.09
32:55.6,1.44,4.33,6.25,51.09
32:56.1,1.44,4.32,6.21,51.11
32:56.6,1.43,4.32,6.19,51.15
32:57.1,1.43,4.32,6.2,51.09
32:57.6,1.44,4.32,6.22,51.09
32:58.1,1.44,4.33,6.21,51.15
32:58.6,1.43,4.32,6.19,51.15
32:59.1,1.44,4.32,6.24,51.07
32:59.6,1.44,4.32,6.24,51.15
33:00.1,1.44,4.32,6.24,51.11
33:00.7,1.44,4.32,6.23,51.15
33:01.2,1.44,4.32,6.22,51.17
33:01.7,1.44,4.33,6.24,51.17
33:02.2,1.45,4.32,6.27,51.09
33:02.7,1.44,4.32,6.2,51.21
33:03.2,1.44,4.32,6.24,51.21
33:03.7,1.45,4.32,6.26,51.21
33:04.2,1.45,4.33,6.27,51.19
33:04.7,1.44,4.32,6.21,51.21
33:05.2,1.45,4.32,6.25,51.23
33:05.7,1.44,4.32,6.23,51.23
33:06.2,1.44,4.33,6.22,51.21
33:06.7,1.44,4.33,6.25,51.25
33:07.2,1.45,4.33,6.26,51.23
33:07.7,1.45,4.32,6.26,51.25
33:08.2,1.44,4.32,6.24,51.29
33:08.7,1.44,4.33,6.24,51.31
33:09.2,1.44,4.33,6.25,51.31
33:09.7,1.45,4.33,6.26,51.31
33:10.2,1.44,4.32,6.21,51.33
33:10.7,1.45,4.32,6.26,51.31
33:11.2,1.43,4.32,6.2,51.35
33:11.7,1.44,4.32,6.2,51.35
33:12.2,1.45,4.32,6.25,51.31
33:12.7,1.46,4.32,6.3,51.39
33:13.2,1.44,4.33,6.23,51.33
33:13.7,1.45,4.32,6.25,51.35
33:14.2,1.45,4.32,6.27,51.37
33:14.7,1.45,4.32,6.26,51.37
33:15.2,1.45,4.32,6.24,51.39
33:15.7,1.45,4.32,6.26,51.45
33:16.2,1.44,4.32,6.23,51.47
33:16.7,1.45,4.32,6.26,51.47
33:17.2,1.44,4.32,6.21,51.45
33:17.7,1.44,4.32,6.24,51.45
33:18.2,1.43,4.32,6.2,51.47
33:18.7,1.44,4.32,6.25,51.47
33:19.2,1.44,4.32,6.23,51.43
33:19.7,1.44,4.32,6.22,51.49
33:20.2,1.44,4.32,6.24,51.59
33:20.7,1.45,4.32,6.26,51.49
33:21.2,1.43,4.32,6.2,51.49
33:21.7,1.44,4.32,6.21,51.55
33:22.2,1.44,4.32,6.23,51.59
33:22.7,1.44,4.32,6.19,51.53
33:23.2,1.45,4.33,6.27,51.51
33:23.7,1.44,4.32,6.21,51.55
33:24.2,1.44,4.32,6.22,51.59
33:24.7,1.44,4.32,6.22,51.55
33:25.2,1.43,4.32,6.2,51.61
33:25.8,1.45,4.32,6.25,51.63
33:26.3,1.44,4.32,6.24,51.59
33:26.8,1.44,4.33,6.25,51.61
33:27.3,1.45,4.33,6.25,51.63
33:27.8,1.44,4.32,6.23,51.61
33:28.3,1.44,4.32,6.25,51.61
33:28.8,1.44,4.32,6.24,51.63
33:29.3,1.44,4.32,6.23,51.63
33:29.8,1.44,4.32,6.23,51.55
33:30.3,1.44,4.32,6.24,51.63
33:30.8,1.44,4.33,6.23,51.65
33:31.3,1.44,4.32,6.23,51.61
33:31.8,1.45,4.33,6.26,51.67
33:32.3,1.44,4.33,6.22,51.65
33:32.8,1.44,4.32,6.24,51.75
33:33.3,1.44,4.32,6.22,51.61
33:33.8,1.44,4.32,6.24,51.73
33:34.3,1.44,4.32,6.21,51.63
33:34.8,1.44,4.32,6.22,51.69
33:35.3,1.45,4.32,6.24,51.67
33:35.8,1.44,4.32,6.22,51.69
33:36.3,1.44,4.33,6.23,51.73
33:36.8,1.44,4.33,6.23,51.77
33:37.3,1.45,4.33,6.26,51.77
33:37.8,1.44,4.32,6.24,51.79
33:38.3,1.44,4.32,6.21,51.79
33:38.8,1.44,4.32,6.24,51.83
33:39.3,1.45,4.33,6.26,51.81
33:39.8,1.44,4.32,6.23,51.79
33:40.3,1.44,4.32,6.24,51.81
33:40.8,1.44,4.32,6.24,51.83
33:41.3,1.44,4.32,6.22,51.85
33:41.8,1.44,4.32,6.21,51.89
33:42.3,1.44,4.32,6.23,51.89
33:42.8,1.44,4.33,6.23,51.89
33:43.3,1.44,4.32,6.21,51.85
33:43.8,1.44,4.32,6.21,51.89
33:44.3,1.44,4.32,6.21,51.91
33:44.8,1.44,4.32,6.23,51.89
33:45.3,1.44,4.32,6.22,51.89
33:45.8,1.44,4.32,6.24,51.89
33:46.3,1.44,4.31,6.22,51.91
33:46.8,1.44,4.32,6.22,51.97
33:47.3,1.45,4.32,6.24,51.97
33:47.8,1.44,4.32,6.24,51.95
33:48.3,1.45,4.32,6.26,51.93
33:48.8,1.44,4.32,6.21,51.99
33:49.3,1.44,4.32,6.25,51.93
33:49.8,1.44,4.33,6.23,51.95
33:50.4,1.45,4.32,6.25,51.97
33:50.9,1.44,4.32,6.22,51.99
33:51.4,1.44,4.32,6.21,52.03
33:51.9,1.44,4.32,6.22,51.99
33:52.4,1.44,4.32,6.24,52.03
33:52.9,1.43,4.32,6.17,52.03
33:53.4,1.44,4.32,6.23,51.99
33:53.9,1.44,4.32,6.23,52.03
33:54.4,1.44,4.32,6.24,52.09
33:54.9,1.44,4.32,6.21,52.05
33:55.4,1.44,4.32,6.24,52.09
33:55.9,1.45,4.32,6.25,52.09
33:56.4,1.44,4.32,6.24,52.09
33:56.9,1.44,4.32,6.24,52.09
33:57.4,1.44,4.32,6.22,52.13
33:57.9,1.44,4.33,6.23,52.05
33:58.4,1.44,4.32,6.24,52.13
33:58.9,1.44,4.32,6.24,52.13
33:59.4,1.44,4.32,6.23,52.09
33:59.9,1.44,4.32,6.21,52.15
34:00.4,1.44,4.33,6.21,52.15
34:00.9,1.44,4.32,6.23,52.13
34:01.4,1.44,4.32,6.21,52.09
34:01.9,1.45,4.33,6.26,52.15
34:02.4,1.44,4.32,6.22,52.15
34:02.9,1.45,4.33,6.27,52.13
34:03.4,1.44,4.32,6.21,52.21
34:03.9,1.44,4.32,6.25,52.21
34:04.4,1.44,4.33,6.23,52.23
34:04.9,1.45,4.32,6.25,52.21
34:05.4,1.44,4.32,6.21,52.21
34:05.9,1.44,4.32,6.24,52.21
34:06.4,1.44,4.32,6.21,52.23
34:06.9,1.44,4.32,6.2,52.23
34:07.4,1.44,4.32,6.24,52.21
34:07.9,1.44,4.32,6.23,52.27
34:08.4,1.44,4.33,6.25,52.23
34:08.9,1.43,4.32,6.2,52.29
34:09.4,1.44,4.32,6.21,52.29
34:09.9,1.44,4.32,6.22,52.33
34:10.4,1.44,4.32,6.23,52.29
34:10.9,1.44,4.32,6.23,52.33
34:11.4,1.45,4.33,6.26,52.37
34:11.9,1.44,4.32,6.24,52.29
34:12.4,1.45,4.32,6.27,52.35
34:12.9,1.45,4.32,6.25,52.35
34:13.4,1.44,4.32,6.22,52.33
34:13.9,1.44,4.32,6.22,52.35
34:14.4,1.43,4.32,6.2,52.37
34:14.9,1.44,4.32,6.22,52.35
34:15.5,1.44,4.33,6.24,52.37
34:16.0,1.44,4.32,6.21,52.37
34:16.5,1.45,4.32,6.25,52.37
34:17.0,1.44,4.32,6.21,52.37
34:17.5,1.44,4.32,6.22,52.37
34:18.0,1.44,4.32,6.24,52.39
34:18.5,1.44,4.33,6.23,52.35
34:19.0,1.44,4.32,6.21,52.41
34:19.5,1.44,4.33,6.24,52.39
34:20.0,1.43,4.32,6.19,52.39
34:20.5,1.43,4.32,6.17,52.39
34:21.0,1.45,4.33,6.26,52.41
34:21.5,1.45,4.32,6.24,52.45
34:22.0,1.44,4.32,6.24,52.45
34:22.5,1.44,4.32,6.24,52.45
34:23.0,1.44,4.32,6.22,52.45
34:23.5,1.44,4.32,6.24,52.45
34:24.0,1.45,4.32,6.26,52.49
34:24.5,1.45,4.32,6.25,52.45
34:25.0,1.44,4.33,6.24,52.49
34:25.5,1.44,4.32,6.22,52.49
34:26.0,1.44,4.32,6.22,52.49
34:26.5,1.44,4.32,6.22,52.55
34:27.0,1.43,4.32,6.2,52.55
34:27.5,1.44,4.32,6.21,52.51
34:28.0,1.44,4.32,6.24,52.51
34:28.5,1.44,4.32,6.21,52.53
34:29.0,1.44,4.32,6.21,52.57
34:29.5,1.44,4.33,6.25,52.57
34:30.0,1.45,4.32,6.25,52.53
34:30.5,1.44,4.32,6.23,52.59
34:31.0,1.44,4.32,6.21,52.61
34:31.5,1.44,4.32,6.25,52.57
34:32.0,1.45,4.32,6.24,52.65
34:32.5,1.44,4.32,6.22,52.57
34:33.0,1.45,4.33,6.26,52.59
34:33.5,1.45,4.32,6.26,52.61
34:34.0,1.44,4.32,6.22,52.65
34:34.5,1.44,4.32,6.24,52.59
34:35.0,1.44,4.32,6.2,52.59
34:35.5,1.44,4.33,6.23,52.65
34:36.0,1.44,4.32,6.22,52.61
34:36.5,1.45,4.32,6.25,52.59
34:37.0,1.44,4.32,6.2,52.65
34:37.5,1.44,4.32,6.23,52.61
34:38.0,1.44,4.32,6.22,52.59
34:38.5,1.44,4.32,6.24,52.59
34:39.0,1.44,4.33,6.24,52.57
34:39.5,1.44,4.32,6.24,52.61
34:40.0,1.44,4.32,6.22,52.69
34:40.6,1.44,4.32,6.24,52.67
34:41.1,1.45,4.33,6.26,52.67
34:41.6,1.44,4.32,6.24,52.65
34:42.1,1.44,4.32,6.21,52.65
34:42.6,1.44,4.32,6.22,52.67
34:43.1,1.44,4.33,6.22,52.67
34:43.6,1.44,4.32,6.21,52.69
34:44.1,1.45,4.32,6.24,52.71
34:44.6,1.45,4.32,6.25,52.71
34:45.1,1.44,4.32,6.24,52.77
34:45.6,1.44,4.33,6.25,52.73
34:46.1,1.44,4.32,6.24,52.71
34:46.6,1.44,4.32,6.22,52.71
34:47.1,1.44,4.32,6.23,52.77
34:47.6,1.45,4.32,6.25,52.71
34:48.1,1.44,4.32,6.22,52.73
34:48.6,1.44,4.32,6.22,52.81
34:49.1,1.44,4.32,6.25,52.85
34:49.6,1.44,4.32,6.24,52.91
34:50.1,1.44,4.32,6.24,52.85
34:50.6,1.44,4.32,6.22,52.85
34:51.1,1.44,4.32,6.23,52.87
34:51.6,1.44,4.32,6.21,52.87
34:52.1,1.44,4.32,6.21,52.89
34:52.6,1.44,4.32,6.24,52.91
34:53.1,1.43,4.32,6.2,52.87
34:53.6,1.44,4.32,6.22,52.87
34:54.1,1.44,4.32,6.22,52.91
34:54.6,1.44,4.32,6.25,52.91
34:55.1,1.44,4.32,6.23,52.89
34:55.6,1.44,4.32,6.23,52.93
34:56.1,1.44,4.32,6.22,52.89
34:56.6,1.44,4.32,6.21,52.97
34:57.1,1.44,4.33,6.25,52.99
34:57.6,1.44,4.32,6.24,52.97
34:58.1,1.44,4.32,6.21,52.99
34:58.6,1.44,4.32,6.23,52.99
34:59.1,1.44,4.32,6.23,52.99
34:59.6,1.45,4.32,6.26,52.99
35:00.1,1.45,4.32,6.29,53.07
35:00.6,1.44,4.32,6.24,53.03
35:01.1,1.44,4.32,6.21,53.03
35:01.6,1.45,4.32,6.26,53.09
35:02.1,1.44,4.32,6.22,53.09
35:02.6,1.44,4.33,6.24,53.13
35:03.1,1.44,4.32,6.23,53.13
35:03.6,1.44,4.32,6.23,53.13
35:04.1,1.44,4.32,6.21,53.15
35:04.6,1.44,4.32,6.24,53.09
35:05.2,1.44,4.32,6.22,53.09
35:05.7,1.43,4.32,6.19,53.13
35:06.2,1.44,4.32,6.22,53.17
35:06.7,1.44,4.32,6.24,53.19
35:07.2,1.44,4.32,6.22,53.15
35:07.7,1.44,4.32,6.23,53.19
35:08.2,1.45,4.32,6.26,53.19
35:08.7,1.44,4.33,6.25,53.17
35:09.2,1.44,4.32,6.24,53.21
35:09.7,1.44,4.32,6.22,53.17
35:10.2,1.45,4.32,6.25,53.19
35:10.7,1.44,4.32,6.21,53.21
35:11.2,1.44,4.31,6.21,53.23
35:11.7,1.44,4.32,6.21,53.23
35:12.2,1.44,4.33,6.25,53.25
35:12.7,1.45,4.32,6.26,53.21
35:13.2,1.44,4.32,6.22,53.21
35:13.7,1.44,4.32,6.23,53.25
35:14.2,1.45,4.32,6.26,53.23
35:14.7,1.44,4.32,6.24,53.33
35:15.2,1.44,4.32,6.22,53.29
35:15.7,1.44,4.32,6.2,53.25
35:16.2,1.44,4.33,6.23,53.25
35:16.7,1.44,4.32,6.21,53.29
35:17.2,1.44,4.32,6.23,53.29
35:17.7,1.44,4.32,6.21,53.31
35:18.2,1.44,4.33,6.25,53.29
35:18.7,1.44,4.32,6.23,53.31
35:19.2,1.44,4.32,6.23,53.29
35:19.7,1.44,4.33,6.24,53.31
35:20.2,1.44,4.32,6.23,53.25
35:20.7,1.45,4.32,6.26,53.33
35:21.2,1.44,4.32,6.23,53.33
35:21.7,1.44,4.32,6.21,53.35
35:22.2,1.44,4.32,6.2,53.33
35:22.7,1.44,4.32,6.24,53.31
35:23.2,1.45,4.32,6.25,53.35
35:23.7,1.44,4.32,6.24,53.35
35:24.2,1.44,4.32,6.23,53.33
35:24.7,1.44,4.32,6.23,53.35
35:25.2,1.44,4.32,6.2,53.37
35:25.7,1.44,4.33,6.25,53.37
35:26.2,1.44,4.32,6.21,53.35
35:26.7,1.44,4.32,6.23,53.35
35:27.2,1.44,4.32,6.23,53.39
35:27.7,1.44,4.32,6.22,53.41
35:28.2,1.44,4.32,6.24,53.37
35:28.7,1.45,4.33,6.26,53.45
35:29.2,1.45,4.33,6.26,53.41
35:29.7,1.45,4.32,6.26,53.41
35:30.3,1.44,4.32,6.21,53.45
35:30.8,1.44,4.32,6.23,53.45
35:31.3,1.44,4.33,6.23,53.47
35:31.8,1.44,4.32,6.23,53.47
35:32.3,1.44,4.32,6.23,53.47
35:32.8,1.44,4.32,6.24,53.49
35:33.3,1.44,4.32,6.23,53.47
35:33.8,1.45,4.32,6.26,53.47
35:34.3,1.45,4.32,6.24,53.47
35:34.8,1.45,4.32,6.25,53.47
35:35.3,1.44,4.32,6.23,53.47
35:35.8,1.44,4.32,6.25,53.49
35:36.3,1.44,4.32,6.22,53.47
35:36.8,1.44,4.32,6.24,53.49
35:37.3,1.45,4.32,6.27,53.55
35:37.8,1.44,4.32,6.24,53.53
35:38.3,1.44,4.32,6.22,53.55
35:38.8,1.44,4.32,6.21,53.51
35:39.3,1.44,4.32,6.22,53.47
35:39.8,1.44,4.32,6.23,53.51
35:40.3,1.44,4.32,6.21,53.51
35:40.8,1.44,4.32,6.22,53.53
35:41.3,1.44,4.32,6.24,53.57
35:41.8,1.45,4.32,6.25,53.55
35:42.3,1.44,4.32,6.2,53.55
35:42.8,1.44,4.33,6.25,53.63
35:43.3,1.43,4.32,6.19,53.55
35:43.8,1.44,4.32,6.24,53.57
35:44.3,1.44,4.32,6.19,53.63
35:44.8,1.44,4.32,6.22,53.59
35:45.3,1.44,4.32,6.24,53.63
35:45.8,1.44,4.32,6.24,53.59
35:46.3,1.44,4.32,6.24,53.57
35:46.8,1.44,4.33,6.24,53.65
35:47.3,1.43,4.32,6.18,53.59
35:47.8,1.44,4.32,6.23,53.63
35:48.3,1.44,4.32,6.23,53.65
35:48.8,1.45,4.33,6.26,53.69
35:49.3,1.44,4.32,6.23,53.65
35:49.8,1.44,4.32,6.21,53.69
35:50.3,1.44,4.32,6.24,53.71
35:50.8,1.44,4.32,6.21,53.67
35:51.3,1.44,4.32,6.24,53.71
35:51.8,1.44,4.32,6.22,53.67
35:52.3,1.44,4.32,6.22,53.71
35:52.8,1.43,4.32,6.19,53.71
35:53.3,1.44,4.32,6.22,53.71
35:53.8,1.44,4.32,6.23,53.75
35:54.3,1.43,4.32,6.2,53.73
35:54.8,1.44,4.32,6.19,53.73
35:55.4,1.44,4.32,6.22,53.73
35:55.9,1.44,4.33,6.25,53.83
35:56.4,1.45,4.33,6.26,53.79
35:56.9,1.44,4.32,6.25,53.75
35:57.4,1.44,4.32,6.23,53.79
35:57.9,1.45,4.32,6.25,53.79
35:58.4,1.44,4.32,6.21,53.81
35:58.9,1.44,4.32,6.22,53.81
35:59.4,1.44,4.32,6.22,53.79
35:59.9,1.44,4.33,6.23,53.83
36:00.4,1.44,4.33,6.24,53.83
36:00.9,1.44,4.32,6.23,53.89
36:01.4,1.43,4.32,6.2,53.89
36:01.9,1.43,4.32,6.19,53.83
36:02.4,1.44,4.33,6.22,53.93
36:02.9,1.44,4.32,6.22,53.85
36:03.4,1.44,4.32,6.23,53.93
36:03.9,1.44,4.32,6.22,53.91
36:04.4,1.44,4.32,6.22,53.97
36:04.9,1.44,4.32,6.22,53.91
36:05.4,1.44,4.32,6.23,53.93
36:05.9,1.44,4.32,6.23,53.97
36:06.4,1.45,4.32,6.24,53.97
36:06.9,1.44,4.32,6.22,53.89
36:07.4,1.44,4.33,6.23,53.93
36:07.9,1.44,4.32,6.24,53.89
36:08.4,1.44,4.32,6.22,53.97
36:08.9,1.45,4.32,6.25,53.99
36:09.4,1.44,4.32,6.22,53.93
36:09.9,1.44,4.33,6.25,54.01
36:10.4,1.44,4.32,6.22,53.97
36:10.9,1.44,4.32,6.22,54.01
36:11.4,1.44,4.32,6.25,53.91
36:11.9,1.44,4.32,6.21,54.01
36:12.4,1.44,4.32,6.24,53.97
36:12.9,1.44,4.32,6.22,54.01
36:13.4,1.44,4.32,6.22,54.01
36:13.9,1.44,4.32,6.23,54.05
36:14.4,1.44,4.32,6.21,54.03
36:14.9,1.45,4.31,6.25,54.03
36:15.4,1.44,4.32,6.25,54.05
36:15.9,1.45,4.32,6.26,54.05
36:16.4,1.44,4.32,6.24,54.05
36:16.9,1.44,4.32,6.21,54.05
36:17.4,1.44,4.32,6.23,54.09
36:17.9,1.45,4.32,6.26,54.07
36:18.4,1.44,4.32,6.22,54.09
36:18.9,1.44,4.32,6.24,54.09
36:19.4,1.44,4.32,6.22,54.09
36:19.9,1.44,4.32,6.2,54.13
36:20.5,1.44,4.32,6.23,54.13
36:21.0,1.43,4.32,6.19,54.09
36:21.5,1.44,4.32,6.24,54.15
36:22.0,1.44,4.32,6.22,54.13
36:22.5,1.44,4.32,6.21,54.15
36:23.0,1.44,4.32,6.24,54.15
36:23.5,1.44,4.33,6.24,54.17
36:24.0,1.44,4.32,6.24,54.09
36:24.5,1.45,4.32,6.24,54.17
36:25.0,1.44,4.32,6.22,54.19
36:25.5,1.44,4.32,6.23,54.23
36:26.0,1.44,4.32,6.2,54.21
36:26.5,1.44,4.32,6.22,54.17
36:27.0,1.45,4.32,6.27,54.23
36:27.5,1.44,4.32,6.21,54.23
36:28.0,1.45,4.32,6.24,54.27
36:28.5,1.44,4.32,6.23,54.25
36:29.0,1.44,4.33,6.24,54.31
36:29.5,1.44,4.32,6.23,54.27
36:30.0,1.44,4.32,6.24,54.25
36:30.5,1.44,4.33,6.25,54.31
36:31.0,1.44,4.32,6.23,54.25
36:31.5,1.44,4.32,6.23,54.27
36:32.0,1.44,4.32,6.22,54.31
36:32.5,1.44,4.32,6.22,54.27
36:33.0,1.44,4.32,6.22,54.25
36:33.5,1.45,4.33,6.26,54.33
36:34.0,1.44,4.32,6.22,54.35
36:34.5,1.44,4.32,6.22,54.39
36:35.0,1.44,4.32,6.24,54.35
36:35.5,1.44,4.32,6.22,54.37
36:36.0,1.44,4.32,6.23,54.35
36:36.5,1.44,4.32,6.21,54.39
36:37.0,1.45,4.32,6.25,54.39
36:37.5,1.45,4.32,6.25,54.41
36:38.0,1.44,4.32,6.23,54.43
36:38.5,1.45,4.33,6.28,54.43
36:39.0,1.44,4.33,6.21,54.43
36:39.5,1.44,4.33,6.23,54.51
36:40.0,1.44,4.32,6.24,54.45
36:40.5,1.44,4.33,6.23,54.51
36:41.0,1.44,4.33,6.25,54.41
36:41.5,1.44,4.32,6.23,54.49
36:42.0,1.44,4.32,6.22,54.49
36:42.5,1.44,4.32,6.22,54.49
36:43.0,1.44,4.32,6.21,54.55
36:43.5,1.44,4.33,6.22,54.53
36:44.0,1.44,4.32,6.22,54.51
36:44.5,1.44,4.32,6.23,54.53
36:45.1,1.44,4.32,6.22,54.51
36:45.6,1.44,4.32,6.21,54.53
36:46.1,1.44,4.32,6.23,54.55
36:46.6,1.44,4.32,6.24,54.57
36:47.1,1.44,4.32,6.23,54.55
36:47.6,1.44,4.32,6.23,54.57
36:48.1,1.44,4.32,6.21,54.55
36:48.6,1.44,4.32,6.23,54.57
36:49.1,1.44,4.32,6.23,54.61
36:49.6,1.45,4.32,6.26,54.57
36:50.1,1.44,4.32,6.25,54.59
36:50.6,1.44,4.32,6.23,54.63
36:51.1,1.45,4.32,6.25,54.57
36:51.6,1.44,4.32,6.22,54.61
36:52.1,1.44,4.32,6.24,54.57
36:52.6,1.45,4.32,6.25,54.57
36:53.1,1.44,4.33,6.25,54.61
36:53.6,1.45,4.32,6.25,54.61
36:54.1,1.44,4.32,6.21,54.63
36:54.6,1.45,4.32,6.25,54.67
36:55.1,1.44,4.33,6.23,54.63
36:55.6,1.44,4.32,6.22,54.63
36:56.1,1.44,4.33,6.24,54.63
36:56.6,1.44,4.32,6.21,54.69
36:57.1,1.45,4.32,6.27,54.67
36:57.6,1.44,4.32,6.22,54.59
36:58.1,1.44,4.32,6.21,54.67
36:58.6,1.44,4.32,6.22,54.69
36:59.1,1.43,4.32,6.2,54.69
36:59.6,1.44,4.32,6.24,54.63
37:00.1,1.43,4.31,6.19,54.71
37:00.6,1.44,4.32,6.22,54.69
37:01.1,1.44,4.32,6.23,54.69
37:01.6,1.44,4.32,6.23,54.67
37:02.1,1.44,4.32,6.23,54.71
37:02.6,1.44,4.32,6.23,54.67
37:03.1,1.45,4.32,6.25,54.75
37:03.6,1.44,4.32,6.24,54.71
37:04.1,1.44,4.32,6.22,54.71
37:04.6,1.45,4.33,6.26,54.71
37:05.1,1.44,4.32,6.21,54.71
37:05.6,1.44,4.32,6.24,54.71
37:06.1,1.45,4.32,6.25,54.73
37:06.6,1.45,4.32,6.25,54.73
37:07.1,1.44,4.32,6.22,54.71
37:07.6,1.45,4.32,6.24,54.73
37:08.1,1.44,4.32,6.23,54.75
37:08.6,1.44,4.32,6.23,54.77
37:09.1,1.44,4.33,6.25,54.71
37:09.6,1.45,4.32,6.27,54.77
37:10.2,1.44,4.32,6.22,54.77
37:10.7,1.44,4.32,6.23,54.77
37:11.2,1.44,4.32,6.21,54.85
37:11.7,1.45,4.33,6.26,54.85
37:12.2,1.43,4.32,6.2,54.81
37:12.7,1.44,4.32,6.25,54.79
37:13.2,1.44,4.32,6.22,54.89
37:13.7,1.44,4.32,6.23,54.89
37:14.2,1.44,4.32,6.25,54.89
37:14.7,1.44,4.32,6.22,54.89
37:15.2,1.44,4.32,6.21,54.89
37:15.7,1.44,4.33,6.25,54.89
37:16.2,1.44,4.32,6.24,54.91
37:16.7,1.44,4.32,6.21,54.93
37:17.2,1.44,4.32,6.24,54.91
37:17.7,1.44,4.32,6.23,54.85
37:18.2,1.45,4.32,6.26,54.89
37:18.7,1.44,4.32,6.21,54.89
37:19.2,1.44,4.32,6.21,54.93
37:19.7,1.44,4.32,6.22,54.89
37:20.2,1.44,4.32,6.24,54.91
37:20.7,1.44,4.32,6.22,54.93
37:21.2,1.45,4.32,6.27,54.91
37:21.7,1.45,4.32,6.25,54.97
37:22.2,1.44,4.32,6.22,54.97
37:22.7,1.44,4.33,6.23,54.99
37:23.2,1.45,4.32,6.24,54.97
37:23.7,1.44,4.32,6.21,54.99
37:24.2,1.44,4.32,6.22,54.93
37:24.7,1.44,4.32,6.24,54.91
37:25.2,1.44,4.32,6.24,54.97
37:25.7,1.44,4.32,6.22,54.95
37:26.2,1.44,4.32,6.24,54.99
37:26.7,1.44,4.32,6.21,54.93
37:27.2,1.44,4.32,6.24,54.97
37:27.7,1.44,4.33,6.24,54.93
37:28.2,1.44,4.32,6.24,55.05
37:28.7,1.44,4.32,6.23,54.97
37:29.2,1.44,4.32,6.25,55.03
37:29.7,1.44,4.32,6.21,54.95
37:30.2,1.45,4.32,6.24,54.99
37:30.7,1.45,4.32,6.25,55.07
37:31.2,1.44,4.32,6.21,55.09
37:31.7,1.45,4.32,6.26,55.09
37:32.2,1.44,4.32,6.22,55.07
37:32.7,1.44,4.32,6.23,55.13
37:33.2,1.45,4.32,6.26,55.07
37:33.7,1.43,4.32,6.19,55.09
37:34.2,1.44,4.32,6.22,55.11
37:34.7,1.44,4.32,6.22,55.09
37:35.3,1.44,4.32,6.24,55.11
37:35.8,1.44,4.32,6.22,55.15
37:36.3,1.44,4.32,6.22,55.09
37:36.8,1.44,4.32,6.23,55.11
37:37.3,1.44,4.32,6.24,55.13
37:37.8,1.44,4.32,6.24,55.13
37:38.3,1.44,4.32,6.21,55.11
37:38.8,1.44,4.32,6.21,55.11
37:39.3,1.45,4.32,6.26,55.11
37:39.8,1.44,4.33,6.25,55.19
37:40.3,1.44,4.32,6.21,55.13
37:40.8,1.44,4.32,6.23,55.23
37:41.3,1.44,4.32,6.2,55.17
37:41.8,1.44,4.32,6.22,55.23
37:42.3,1.44,4.32,6.22,55.27
37:42.8,1.44,4.32,6.23,55.25
37:43.3,1.44,4.32,6.23,55.23
37:43.8,1.44,4.33,6.25,55.17
37:44.3,1.44,4.32,6.24,55.25
37:44.8,1.44,4.33,6.25,55.19
37:45.3,1.44,4.32,6.22,55.27
37:45.8,1.45,4.32,6.26,55.19
37:46.3,1.45,4.32,6.25,55.27
37:46.8,1.45,4.32,6.25,55.25
37:47.3,1.44,4.32,6.23,55.27
37:47.8,1.45,4.32,6.25,55.23
37:48.3,1.44,4.32,6.23,55.27
37:48.8,1.44,4.32,6.23,55.25
37:49.3,1.44,4.32,6.2,55.27
37:49.8,1.43,4.32,6.19,55.27
37:50.3,1.44,4.32,6.24,55.33
37:50.8,1.44,4.32,6.22,55.29
37:51.3,1.44,4.32,6.24,55.27
37:51.8,1.44,4.32,6.21,55.31
37:52.3,1.44,4.32,6.23,55.29
37:52.8,1.44,4.32,6.22,55.29
37:53.3,1.44,4.32,6.22,55.35
37:53.8,1.44,4.33,6.22,55.35
37:54.3,1.44,4.33,6.23,55.31
37:54.8,1.44,4.32,6.22,55.35
37:55.3,1.44,4.32,6.23,55.41
37:55.8,1.44,4.32,6.24,55.41
37:56.3,1.44,4.32,6.23,55.33
37:56.8,1.44,4.32,6.21,55.35
37:57.3,1.44,4.32,6.22,55.43
37:57.8,1.44,4.32,6.21,55.35
37:58.3,1.44,4.32,6.24,55.31
37:58.8,1.44,4.33,6.24,55.37
37:59.3,1.44,4.32,6.21,55.35
37:59.9,1.44,4.32,6.21,55.45
38:00.4,1.44,4.32,6.23,55.37
38:00.9,1.45,4.32,6.26,55.47
38:01.4,1.44,4.32,6.22,55.43
38:01.9,1.44,4.32,6.22,55.45
38:02.4,1.44,4.32,6.2,55.37
38:02.9,1.44,4.32,6.22,55.41
38:03.4,1.44,4.32,6.24,55.47
38:03.9,1.44,4.32,6.23,55.37
38:04.4,1.44,4.32,6.23,55.41
38:04.9,1.44,4.32,6.24,55.45
38:05.4,1.44,4.32,6.24,55.47
38:05.9,1.45,4.32,6.25,55.53
38:06.4,1.44,4.32,6.2,55.47
38:06.9,1.44,4.32,6.24,55.41
38:07.4,1.44,4.32,6.25,55.51
38:07.9,1.44,4.32,6.22,55.51
38:08.4,1.45,4.32,6.26,55.51
38:08.9,1.44,4.32,6.23,55.55
38:09.4,1.45,4.33,6.26,55.55
38:09.9,1.44,4.32,6.23,55.55
38:10.4,1.45,4.32,6.25,55.55
38:10.9,1.44,4.32,6.24,55.61
38:11.4,1.44,4.32,6.23,55.55
38:11.9,1.44,4.32,6.21,55.57
38:12.4,1.44,4.32,6.24,55.65
38:12.9,1.44,4.32,6.24,55.55
38:13.4,1.44,4.32,6.23,55.63
38:13.9,1.44,4.32,6.23,55.61
38:14.4,1.43,4.32,6.2,55.55
38:14.9,1.44,4.32,6.21,55.63
38:15.4,1.45,4.32,6.25,55.63
38:15.9,1.45,4.32,6.25,55.65
38:16.4,1.44,4.32,6.24,55.63
38:16.9,1.45,4.32,6.26,55.65
38:17.4,1.44,4.32,6.23,55.63
38:17.9,1.44,4.32,6.23,55.67
38:18.4,1.44,4.32,6.24,55.65
38:18.9,1.45,4.32,6.24,55.65
38:19.4,1.45,4.32,6.25,55.67
38:19.9,1.44,4.32,6.22,55.67
38:20.4,1.44,4.32,6.22,55.71
38:20.9,1.44,4.32,6.23,55.67
38:21.4,1.44,4.33,6.24,55.69
38:21.9,1.44,4.32,6.22,55.67
38:22.4,1.44,4.33,6.25,55.67
38:22.9,1.44,4.31,6.22,55.65
38:23.4,1.44,4.32,6.23,55.67
38:23.9,1.44,4.33,6.24,55.69
38:24.4,1.44,4.32,6.23,55.67
38:25.0,1.44,4.32,6.21,55.71
38:25.5,1.44,4.32,6.25,55.69
38:26.0,1.44,4.32,6.21,55.71
38:26.5,1.44,4.32,6.23,55.79
38:27.0,1.45,4.32,6.25,55.73
38:27.5,1.44,4.32,6.23,55.81
38:28.0,1.44,4.32,6.23,55.71
38:28.5,1.44,4.32,6.22,55.73
38:29.0,1.44,4.31,6.22,55.73
38:29.5,1.45,4.33,6.26,55.79
38:30.0,1.44,4.33,6.25,55.71
38:30.5,1.44,4.32,6.21,55.75
38:31.0,1.44,4.32,6.21,55.75
38:31.5,1.44,4.32,6.25,55.83
38:32.0,1.44,4.32,6.24,55.75
38:32.5,1.44,4.32,6.23,55.85
38:33.0,1.44,4.32,6.21,55.73
38:33.5,1.44,4.32,6.22,55.81
38:34.0,1.45,4.32,6.25,55.85
38:34.5,1.44,4.32,6.22,55.79
38:35.0,1.44,4.32,6.22,55.85
38:35.5,1.44,4.32,6.23,55.85
38:36.0,1.43,4.32,6.19,55.83
38:36.5,1.44,4.32,6.22,55.85
38:37.0,1.44,4.32,6.23,55.85
38:37.5,1.44,4.32,6.24,55.85
38:38.0,1.45,4.32,6.24,55.85
38:38.5,1.44,4.32,6.23,55.87
38:39.0,1.44,4.32,6.23,55.85
38:39.5,1.44,4.32,6.22,55.87
38:40.0,1.45,4.33,6.26,55.87
38:40.5,1.44,4.32,6.25,55.85
38:41.0,1.44,4.32,6.24,55.89
38:41.5,1.44,4.32,6.23,55.87
38:42.0,1.44,4.32,6.22,55.87
38:42.5,1.44,4.32,6.24,55.95
38:43.0,1.44,4.32,6.23,55.91
38:43.5,1.44,4.32,6.23,55.91
38:44.0,1.44,4.32,6.23,55.91
38:44.5,1.44,4.32,6.21,55.93
38:45.0,1.45,4.32,6.27,55.95
38:45.5,1.44,4.32,6.24,55.95
38:46.0,1.44,4.32,6.22,55.93
38:46.5,1.44,4.32,6.24,55.93
38:47.0,1.44,4.32,6.24,55.95
38:47.5,1.44,4.32,6.24,55.97
38:48.0,1.45,4.32,6.24,56.03
38:48.5,1.44,4.32,6.22,55.93
38:49.0,1.44,4.32,6.22,55.97
38:49.5,1.44,4.33,6.24,56.01
38:50.1,1.44,4.32,6.24,55.97
38:50.6,1.44,4.32,6.22,56.01
38:51.1,1.45,4.32,6.26,56.01
38:51.6,1.44,4.32,6.23,56.01
38:52.1,1.44,4.32,6.23,56.01
38:52.6,1.44,4.32,6.23,56.09
38:53.1,1.44,4.32,6.24,56.03
38:53.6,1.44,4.32,6.21,56.01
38:54.1,1.44,4.32,6.22,56.03
38:54.6,1.44,4.32,6.22,56.05
38:55.1,1.45,4.32,6.25,56.03
38:55.6,1.44,4.32,6.23,56.01
38:56.1,1.44,4.32,6.24,56.03
38:56.6,1.44,4.32,6.23,56.05
38:57.1,1.44,4.32,6.22,56.07
38:57.6,1.44,4.32,6.21,56.05
38:58.1,1.44,4.32,6.24,56.07
38:58.6,1.44,4.32,6.22,56.05
38:59.1,1.44,4.32,6.23,56.15
38:59.6,1.46,4.32,6.29,56.09
39:00.1,1.44,4.32,6.25,56.09
39:00.6,1.44,4.32,6.24,56.09
39:01.1,1.44,4.32,6.22,56.09
39:01.6,1.44,4.33,6.23,56.13
39:02.1,1.44,4.32,6.21,56.17
39:02.6,1.44,4.32,6.25,56.17
39:03.1,1.44,4.33,6.21,56.17
39:03.6,1.45,4.32,6.27,56.17
39:04.1,1.44,4.32,6.23,56.17
39:04.6,1.44,4.33,6.23,56.15
39:05.1,1.44,4.32,6.2,56.15
39:05.6,1.44,4.32,6.24,56.15
39:06.1,1.44,4.32,6.22,56.15
39:06.6,1.44,4.32,6.22,56.15
39:07.1,1.44,4.32,6.24,56.15
39:07.6,1.44,4.32,6.24,56.15
39:08.1,1.44,4.32,6.24,56.09
39:08.6,1.45,4.32,6.25,56.17
39:09.1,1.44,4.32,6.23,56.17
39:09.6,1.44,4.32,6.24,56.21
39:10.1,1.45,4.32,6.25,56.17
39:10.6,1.45,4.32,6.25,56.21
39:11.1,1.44,4.32,6.24,56.23
39:11.6,1.44,4.32,6.22,56.11
39:12.1,1.44,4.32,6.22,56.17
39:12.6,1.45,4.32,6.25,56.11
39:13.1,1.44,4.32,6.22,56.09
39:13.6,1.44,4.32,6.24,56.11
39:14.1,1.45,4.32,6.26,56.13
39:14.6,1.45,4.33,6.26,56.13
39:15.2,1.44,4.32,6.21,56.13
39:15.7,1.44,4.32,6.2,56.15
39:16.2,1.45,4.33,6.27,56.17
39:16.7,1.44,4.32,6.23,56.13
39:17.2,1.44,4.31,6.21,56.13
39:17.7,1.44,4.33,6.23,56.21
39:18.2,1.44,4.31,6.2,56.17
39:18.7,1.45,4.33,6.28,56.21
39:19.2,1.44,4.32,6.23,56.21
39:19.7,1.44,4.32,6.21,56.23
39:20.2,1.44,4.32,6.22,56.21
39:20.7,1.44,4.32,6.22,56.21
39:21.2,1.44,4.32,6.22,56.17
39:21.7,1.44,4.32,6.24,56.27
39:22.2,1.44,4.32,6.21,56.15
39:22.7,1.44,4.32,6.22,56.27
39:23.2,1.44,4.32,6.21,56.25
39:23.7,1.45,4.32,6.25,56.25
39:24.2,1.44,4.32,6.23,56.21
39:24.7,1.44,4.32,6.23,56.27
39:25.2,1.44,4.32,6.23,56.25
39:25.7,1.44,4.32,6.23,56.31
39:26.2,1.44,4.32,6.21,56.25
39:26.7,1.44,4.31,6.21,56.31
39:27.2,1.44,4.33,6.23,56.31
39:27.7,1.44,4.32,6.23,56.31
39:28.2,1.44,4.32,6.23,56.31
39:28.7,1.44,4.32,6.25,56.35
39:29.2,1.44,4.32,6.24,56.29
39:29.7,1.44,4.32,6.24,56.29
39:30.2,1.45,4.32,6.25,56.31
39:30.7,1.44,4.32,6.23,56.31
39:31.2,1.44,4.32,6.23,56.33
39:31.7,1.44,4.32,6.23,56.29
39:32.2,1.44,4.32,6.21,56.35
39:32.7,1.44,4.33,6.24,56.33
39:33.2,1.44,4.32,6.23,56.35
39:33.7,1.44,4.32,6.23,56.33
39:34.2,1.44,4.32,6.22,56.35
39:34.7,1.44,4.32,6.22,56.41
39:35.2,1.44,4.32,6.22,56.37
39:35.7,1.44,4.32,6.24,56.37
39:36.2,1.44,4.32,6.23,56.35
39:36.7,1.44,4.32,6.23,56.43
39:37.2,1.44,4.32,6.24,56.47
39:37.7,1.44,4.32,6.22,56.47
39:38.2,1.44,4.32,6.23,56.45
39:38.7,1.44,4.32,6.24,56.45
39:39.2,1.43,4.32,6.19,56.49
39:39.8,1.44,4.32,6.25,56.47
39:40.3,1.44,4.32,6.21,56.49
39:40.8,1.44,4.32,6.21,56.49
39:41.3,1.44,4.32,6.23,56.53
39:41.8,1.44,4.32,6.23,56.53
39:42.3,1.45,4.33,6.26,56.55
39:42.8,1.44,4.32,6.21,56.55
39:43.3,1.44,4.32,6.24,56.55
39:43.8,1.44,4.32,6.22,56.61
39:44.3,1.44,4.32,6.21,56.55
39:44.8,1.44,4.32,6.24,56.61
39:45.3,1.44,4.32,6.23,56.65
39:45.8,1.44,4.32,6.21,56.65
39:46.3,1.44,4.32,6.22,56.63
39:46.8,1.44,4.33,6.24,56.61
39:47.3,1.44,4.33,6.22,56.65
39:47.8,1.44,4.32,6.22,56.67
39:48.3,1.44,4.32,6.24,56.67
39:48.8,1.44,4.32,6.22,56.67
39:49.3,1.44,4.32,6.22,56.69
39:49.8,1.44,4.32,6.23,56.73
39:50.3,1.44,4.33,6.24,56.71
39:50.8,1.44,4.32,6.22,56.77
39:51.3,1.44,4.32,6.23,56.79
39:51.8,1.44,4.32,6.22,56.79
39:52.3,1.44,4.32,6.21,56.83
39:52.8,1.44,4.33,6.25,56.85
39:53.3,1.44,4.32,6.24,56.87
39:53.8,1.44,4.32,6.22,56.89
39:54.3,1.44,4.32,6.22,56.79
39:54.8,1.44,4.32,6.2,56.85
39:55.3,1.44,4.33,6.23,56.87
39:55.8,1.44,4.32,6.21,56.83
39:56.3,1.44,4.32,6.22,56.83
39:56.8,1.44,4.33,6.23,56.85
39:57.3,1.43,4.32,6.2,56.87
39:57.8,1.44,4.32,6.22,56.89
39:58.3,1.44,4.32,6.22,56.91
39:58.8,1.44,4.32,6.22,56.89
39:59.3,1.44,4.32,6.23,56.91
39:59.8,1.44,4.32,6.24,56.93
40:00.3,1.44,4.32,6.24,56.89
40:00.8,1.43,4.32,6.2,56.91
40:01.3,1.44,4.33,6.24,56.87
40:01.8,1.44,4.33,6.23,56.91
40:02.3,1.44,4.32,6.21,56.93
40:02.8,1.44,4.32,6.21,56.87
40:03.3,1.44,4.32,6.23,56.83
40:03.8,1.44,4.32,6.22,56.87
40:04.3,1.44,4.32,6.22,56.91
40:04.9,1.44,4.32,6.2,56.89
40:05.4,1.44,4.33,6.22,56.85
40:05.9,1.44,4.33,6.25,56.83
40:06.4,1.44,4.32,6.21,56.89
40:06.9,1.43,4.32,6.2,56.77
40:07.4,1.44,4.32,6.21,56.77
40:07.9,1.44,4.33,6.24,56.85
40:08.4,1.44,4.32,6.22,56.75
40:08.9,1.44,4.31,6.22,56.73
40:09.4,1.45,4.32,6.26,56.75
40:09.9,1.44,4.32,6.21,56.71
40:10.4,1.44,4.32,6.21,56.75
40:10.9,1.43,4.33,6.2,56.73
40:11.4,1.44,4.32,6.21,56.79
40:11.9,1.44,4.32,6.21,56.75
40:12.4,1.44,4.32,6.23,56.71
40:12.9,1.44,4.33,6.24,56.75
40:13.4,1.44,4.32,6.22,56.73
40:13.9,1.43,4.32,6.2,56.73
40:14.4,1.43,4.32,6.2,56.83
40:14.9,1.44,4.33,6.23,56.77
40:15.4,1.44,4.32,6.22,56.75
40:15.9,1.44,4.32,6.22,56.73
40:16.4,1.44,4.33,6.24,56.75
40:16.9,1.44,4.33,6.24,56.75
40:17.4,1.44,4.32,6.22,56.71
40:17.9,1.44,4.32,6.2,56.69
40:18.4,1.44,4.32,6.23,56.73
40:18.9,1.44,4.33,6.24,56.75
40:19.4,1.44,4.32,6.24,56.75
40:19.9,1.44,4.31,6.22,56.77
40:20.4,1.44,4.33,6.24,56.73
40:20.9,1.44,4.33,6.24,56.73
40:21.4,1.44,4.32,6.23,56.71
40:21.9,1.43,4.32,6.19,56.73
40:22.4,1.44,4.32,6.23,56.69
40:22.9,1.44,4.32,6.22,56.73
40:23.4,1.44,4.32,6.21,56.71
40:23.9,1.44,4.32,6.21,56.73
40:24.4,1.44,4.32,6.23,56.71
40:24.9,1.44,4.32,6.22,56.73
40:25.4,1.44,4.32,6.24,56.71
40:25.9,1.45,4.32,6.25,56.71
40:26.4,1.44,4.33,6.23,56.71
40:26.9,1.45,4.33,6.28,56.71
40:27.4,1.44,4.32,6.21,56.75
40:27.9,1.44,4.32,6.23,56.71
40:28.4,1.44,4.32,6.21,56.71
40:28.9,1.44,4.32,6.22,56.69
40:29.4,1.44,4.32,6.22,56.69
40:30.0,1.44,4.32,6.23,56.73
40:30.5,1.44,4.32,6.21,56.69
40:31.0,1.44,4.32,6.2,56.65
40:31.5,1.43,4.32,6.2,56.75
40:32.0,1.44,4.33,6.23,56.73
40:32.5,1.44,4.32,6.22,56.69
40:33.0,1.43,4.32,6.19,56.71
40:33.5,1.44,4.32,6.23,56.71
40:34.0,1.44,4.32,6.22,56.75
40:34.5,1.43,4.33,6.21,56.75
40:35.0,1.43,4.33,6.21,56.75
40:35.5,1.44,4.33,6.23,56.83
40:36.0,1.44,4.33,6.22,56.79
40:36.5,1.44,4.32,6.22,56.73
40:37.0,1.44,4.33,6.22,56.73
40:37.5,1.44,4.32,6.21,56.79
40:38.0,1.44,4.32,6.22,56.83
40:38.5,1.44,4.32,6.21,56.77
40:39.0,1.44,4.33,6.22,56.87
40:39.5,1.44,4.33,6.25,56.77
40:40.0,1.44,4.33,6.24,56.89
40:40.5,1.44,4.32,6.23,56.79
40:41.0,1.44,4.33,6.22,56.87
40:41.5,1.44,4.32,6.21,56.79
40:42.0,1.44,4.32,6.21,56.83
40:42.5,1.44,4.32,6.21,56.83
40:43.0,1.44,4.32,6.22,56.89
40:43.5,1.44,4.32,6.23,56.85
40:44.0,1.44,4.32,6.24,56.87
40:44.5,1.44,4.32,6.22,56.93
40:45.0,1.44,4.32,6.23,56.97
40:45.5,1.44,4.32,6.22,56.95
40:46.0,1.43,4.33,6.21,56.99
40:46.5,1.44,4.32,6.2,56.97
40:47.0,1.44,4.33,6.22,56.99
40:47.5,1.44,4.33,6.25,56.93
40:48.0,1.44,4.33,6.24,56.97
40:48.5,1.44,4.32,6.23,57.03
40:49.0,1.44,4.32,6.23,57.03
40:49.5,1.44,4.32,6.22,56.93
40:50.0,1.44,4.32,6.22,56.97
40:50.5,1.44,4.32,6.22,56.95
40:51.0,1.44,4.32,6.21,56.99
40:51.5,1.44,4.33,6.24,56.99
40:52.0,1.44,4.32,6.22,56.93
40:52.5,1.44,4.32,6.21,56.93
40:53.0,1.44,4.32,6.22,56.95
40:53.5,1.43,4.32,6.2,56.95
40:54.0,1.43,4.32,6.2,56.97
40:54.6,1.44,4.32,6.21,56.97
40:55.1,1.44,4.32,6.24,56.93
40:55.6,1.44,4.32,6.21,56.91
40:56.1,1.44,4.33,6.22,56.93
40:56.6,1.44,4.33,6.21,56.89
40:57.1,1.43,4.32,6.19,56.91
40:57.6,1.44,4.32,6.2,56.99
40:58.1,1.44,4.33,6.24,56.97
40:58.6,1.44,4.32,6.21,57.03
40:59.1,1.44,4.32,6.22,57.03
40:59.6,1.44,4.32,6.23,57.03
41:00.1,1.44,4.33,6.22,57.07
41:00.6,1.44,4.32,6.21,57.05
41:01.1,1.44,4.33,6.23,57.05
41:01.6,1.44,4.32,6.23,57.11
41:02.1,1.44,4.32,6.24,57.03
41:02.6,1.44,4.33,6.23,57.03
41:03.1,1.44,4.32,6.21,57.05
41:03.6,1.44,4.32,6.2,57.07
41:04.1,1.44,4.32,6.21,57.03
41:04.6,1.44,4.32,6.21,57.03
41:05.1,1.44,4.32,6.21,56.99
41:05.6,1.44,4.32,6.22,56.97
41:06.1,1.43,4.32,6.2,56.97
41:06.6,1.44,4.32,6.21,56.97
41:07.1,1.44,4.33,6.23,56.97
41:07.6,1.44,4.32,6.23,56.93
41:08.1,1.43,4.32,6.2,56.93
41:08.6,1.44,4.32,6.22,56.91
41:09.1,1.44,4.33,6.23,56.89
41:09.6,1.44,4.32,6.22,56.91
41:10.1,1.44,4.32,6.22,56.89
41:10.6,1.44,4.32,6.21,56.93
41:11.1,1.44,4.32,6.23,56.79
41:11.6,1.44,4.32,6.22,56.83
41:12.1,1.44,4.32,6.2,56.75
41:12.6,1.44,4.33,6.21,56.77
41:13.1,1.44,4.32,6.21,56.73
41:13.6,1.44,4.33,6.23,56.75
41:14.1,1.44,4.32,6.21,56.87
41:14.6,1.44,4.32,6.2,56.87
41:15.1,1.44,4.33,6.25,56.91
41:15.6,1.44,4.33,6.24,56.89
41:16.1,1.44,4.32,6.22,56.95
41:16.6,1.44,4.32,6.21,56.95
41:17.1,1.44,4.32,6.22,56.95
41:17.6,1.44,4.32,6.22,56.91
41:18.1,1.43,4.32,6.2,56.91
41:18.6,1.43,4.32,6.2,56.99
41:19.1,1.44,4.32,6.24,56.99
41:19.7,1.44,4.33,6.23,56.95
41:20.2,1.44,4.32,6.21,56.97
41:20.7,1.44,4.32,6.21,56.99
41:21.2,1.44,4.32,6.22,56.95
41:21.7,1.44,4.32,6.23,56.95
41:22.2,1.44,4.32,6.23,56.97
41:22.7,1.44,4.32,6.21,56.95
41:23.2,1.44,4.32,6.22,56.95
41:23.7,1.44,4.32,6.22,56.95
41:24.2,1.44,4.32,6.23,56.97
41:24.7,1.44,4.32,6.22,56.97
41:25.2,1.44,4.32,6.21,57.05
41:25.7,1.43,4.32,6.2,57.03
41:26.2,1.44,4.32,6.21,57.07
41:26.7,1.44,4.32,6.23,57.07
41:27.2,1.44,4.32,6.21,56.97
41:27.7,1.44,4.32,6.23,56.97
41:28.2,1.44,4.32,6.24,56.99
41:28.7,1.43,4.32,6.19,56.95
41:29.2,1.43,4.32,6.19,57.05
41:29.7,1.45,4.32,6.25,56.99
41:30.2,1.44,4.32,6.22,56.93
41:30.7,1.45,4.34,6.28,56.95
41:31.2,1.44,4.32,6.22,56.93
41:31.7,1.44,4.32,6.21,56.89
41:32.2,1.43,4.32,6.18,56.91
41:32.7,1.44,4.32,6.22,56.83
41:33.2,1.44,4.32,6.24,56.85
41:33.7,1.43,4.32,6.2,56.85
41:34.2,1.44,4.32,6.21,56.83
41:34.7,1.44,4.33,6.22,56.73
41:35.2,1.44,4.33,6.23,56.75
41:35.7,1.44,4.32,6.21,56.75
41:36.2,1.44,4.32,6.22,56.75
41:36.7,1.44,4.32,6.22,56.71
41:37.2,1.44,4.32,6.22,56.73
41:37.7,1.44,4.32,6.21,56.69
41:38.2,1.43,4.32,6.19,56.61
41:38.7,1.44,4.32,6.22,56.67
41:39.2,1.44,4.32,6.22,56.67
41:39.7,1.44,4.32,6.21,56.71
41:40.2,1.44,4.32,6.21,56.71
41:40.7,1.43,4.32,6.19,56.75
41:41.2,1.44,4.32,6.21,56.73
41:41.7,1.44,4.32,6.21,56.73
41:42.2,1.43,4.32,6.2,56.71
41:42.7,1.43,4.32,6.2,56.71
41:43.2,1.44,4.32,6.2,56.69
41:43.7,1.44,4.32,6.22,56.69
41:44.2,1.43,4.33,6.21,56.75
41:44.8,1.44,4.32,6.2,56.75
41:45.3,1.43,4.32,6.2,56.79
41:45.8,1.43,4.32,6.19,56.75
41:46.3,1.44,4.33,6.22,56.77
41:46.8,1.44,4.33,6.23,56.75
41:47.3,1.44,4.32,6.21,56.75
41:47.8,1.44,4.32,6.21,56.79
41:48.3,1.44,4.32,6.22,56.73
41:48.8,1.44,4.32,6.22,56.73
41:49.3,1.44,4.32,6.21,56.73
41:49.8,1.44,4.33,6.22,56.67
41:50.3,1.43,4.32,6.2,56.71
41:50.8,1.44,4.32,6.24,56.63
41:51.3,1.43,4.32,6.2,56.69
41:51.8,1.44,4.32,6.21,56.69
41:52.3,1.44,4.32,6.21,56.65
41:52.8,1.44,4.32,6.2,56.65
41:53.3,1.43,4.32,6.2,56.65
41:53.8,1.44,4.32,6.22,56.65
41:54.3,1.44,4.33,6.22,56.63
41:54.8,1.44,4.32,6.23,56.57
41:55.3,1.44,4.32,6.21,56.57
41:55.8,1.43,4.33,6.21,56.57
41:56.3,1.44,4.32,6.22,56.57
41:56.8,1.44,4.32,6.22,56.55
41:57.3,1.44,4.32,6.2,56.61
41:57.8,1.44,4.32,6.21,56.53
41:58.3,1.44,4.32,6.21,56.49
41:58.8,1.44,4.33,6.23,56.55
41:59.3,1.43,4.32,6.2,56.49
41:59.8,1.44,4.32,6.2,56.43
42:00.3,1.44,4.32,6.22,56.43
42:00.8,1.44,4.32,6.21,56.45
42:01.3,1.43,4.32,6.2,56.45
42:01.8,1.44,4.32,6.22,56.45
42:02.3,1.44,4.32,6.22,56.43
42:02.8,1.44,4.33,6.24,56.49
42:03.3,1.44,4.32,6.21,56.45
42:03.8,1.44,4.32,6.22,56.49
42:04.3,1.44,4.32,6.21,56.51
42:04.8,1.44,4.32,6.21,56.49
42:05.3,1.44,4.33,6.22,56.47
42:05.8,1.43,4.32,6.2,56.47
42:06.3,1.44,4.32,6.22,56.49
42:06.8,1.44,4.33,6.25,56.49
42:07.3,1.44,4.33,6.24,56.49
42:07.8,1.44,4.32,6.22,56.51
42:08.3,1.44,4.32,6.23,56.43
42:08.8,1.44,4.32,6.21,56.45
42:09.4,1.44,4.32,6.23,56.45
42:09.9,1.44,4.32,6.22,56.47
42:10.4,1.44,4.33,6.23,56.43
42:10.9,1.44,4.32,6.21,56.51
42:11.4,1.44,4.32,6.21,56.49
42:11.9,1.44,4.32,6.21,56.53
42:12.4,1.43,4.32,6.19,56.51
42:12.9,1.44,4.33,6.23,56.53
42:13.4,1.44,4.33,6.21,56.51
42:13.9,1.44,4.32,6.21,56.55
42:14.4,1.44,4.32,6.22,56.53
42:14.9,1.44,4.32,6.22,56.51
42:15.4,1.44,4.33,6.22,56.55
42:15.9,1.44,4.33,6.21,56.55
42:16.4,1.44,4.32,6.22,56.57
42:16.9,1.44,4.32,6.21,56.57
42:17.4,1.44,4.32,6.22,56.61
42:17.9,1.44,4.33,6.21,56.63
42:18.4,1.44,4.32,6.22,56.63
42:18.9,1.44,4.32,6.21,56.61
42:19.4,1.43,4.32,6.2,56.61
42:19.9,1.44,4.32,6.22,56.57
42:20.4,1.43,4.32,6.2,56.63
42:20.9,1.44,4.32,6.22,56.57
42:21.4,1.44,4.32,6.21,56.57
42:21.9,1.43,4.32,6.2,56.53
42:22.4,1.44,4.32,6.2,56.55
42:22.9,1.44,4.32,6.22,56.51
42:23.4,1.44,4.33,6.24,56.53
42:23.9,1.44,4.33,6.22,56.53
42:24.4,1.44,4.32,6.23,56.51
42:24.9,1.44,4.32,6.21,56.51
42:25.4,1.44,4.32,6.23,56.47
42:25.9,1.44,4.33,6.23,56.45
42:26.4,1.44,4.32,6.21,56.47
42:26.9,1.44,4.33,6.24,56.45
42:27.4,1.44,4.32,6.23,56.49
42:27.9,1.44,4.32,6.22,56.43
42:28.4,1.44,4.32,6.22,56.45
42:28.9,1.44,4.32,6.21,56.47
42:29.4,1.44,4.32,6.22,56.47
42:29.9,1.44,4.33,6.23,56.45
42:30.4,1.44,4.32,6.21,56.49
42:30.9,1.44,4.32,6.21,56.45
42:31.4,1.44,4.32,6.22,56.45
42:31.9,1.44,4.32,6.22,56.51
42:32.4,1.43,4.32,6.19,56.57
42:32.9,1.44,4.32,6.22,56.57
42:33.4,1.44,4.32,6.21,56.57
42:33.9,1.44,4.33,6.24,56.61
42:34.5,1.44,4.32,6.21,56.57
42:35.0,1.44,4.33,6.21,56.63
42:35.5,1.43,4.33,6.21,56.69
42:36.0,1.44,4.32,6.21,56.71
42:36.5,1.44,4.32,6.21,56.75
42:37.0,1.44,4.32,6.22,56.73
42:37.5,1.43,4.32,6.2,56.79
42:38.0,1.44,4.33,6.23,56.85
42:38.5,1.44,4.32,6.24,56.83
42:39.0,1.44,4.32,6.21,56.87
42:39.5,1.44,4.33,6.22,56.83
42:40.0,1.44,4.33,6.22,56.87
42:40.5,1.44,4.33,6.23,56.85
42:41.0,1.43,4.32,6.2,56.79
42:41.5,1.44,4.32,6.21,56.85
42:42.0,1.43,4.32,6.2,56.89
42:42.5,1.44,4.33,6.22,56.79
42:43.0,1.44,4.32,6.23,56.79
42:43.5,1.43,4.32,6.19,56.83
42:44.0,1.43,4.32,6.2,56.79
42:44.5,1.44,4.33,6.21,56.79
42:45.0,1.43,4.32,6.2,56.79
42:45.5,1.44,4.32,6.21,56.79
42:46.0,1.44,4.32,6.21,56.79
42:46.5,1.44,4.32,6.21,56.85
42:47.0,1.44,4.33,6.22,56.79
42:47.5,1.44,4.32,6.21,56.75
42:48.0,1.44,4.32,6.21,56.83
42:48.5,1.44,4.32,6.22,56.85
42:49.0,1.44,4.32,6.21,56.85
42:49.5,1.43,4.32,6.2,56.87
42:50.0,1.43,4.32,6.2,56.79
42:50.5,1.44,4.33,6.24,56.79
42:51.0,1.43,4.32,6.2,56.79
42:51.5,1.44,4.32,6.23,56.77
42:52.0,1.44,4.33,6.22,56.85
42:52.5,1.44,4.32,6.23,56.79
42:53.0,1.44,4.32,6.22,56.77
42:53.5,1.44,4.32,6.21,56.79
42:54.0,1.44,4.32,6.22,56.71
42:54.5,1.44,4.32,6.23,56.69
42:55.0,1.44,4.32,6.22,56.73
42:55.5,1.44,4.32,6.22,56.69
42:56.0,1.44,4.32,6.21,56.69
42:56.5,1.44,4.32,6.21,56.69
42:57.0,1.44,4.33,6.22,56.63
42:57.5,1.44,4.32,6.22,56.65
42:58.0,1.44,4.32,6.22,56.67
42:58.5,1.44,4.32,6.22,56.67
42:59.0,1.44,4.32,6.22,56.55
42:59.6,1.44,4.32,6.24,56.61
43:00.1,1.44,4.32,6.21,56.51
43:00.6,1.44,4.32,6.22,56.47
43:01.1,1.44,4.32,6.22,56.55
43:01.6,1.44,4.32,6.21,56.53
43:02.1,1.44,4.33,6.23,56.57
43:02.6,1.44,4.32,6.21,56.51
43:03.1,1.44,4.32,6.2,56.49
43:03.6,1.44,4.32,6.21,56.51
43:04.1,1.44,4.32,6.21,56.53
43:04.6,1.44,4.32,6.21,56.49
43:05.1,1.44,4.33,6.22,56.47
43:05.6,1.44,4.32,6.22,56.45
43:06.1,1.44,4.32,6.21,56.45
43:06.6,1.44,4.33,6.23,56.45
43:07.1,1.44,4.33,6.22,56.41
43:07.6,1.44,4.32,6.23,56.43
43:08.1,1.44,4.32,6.21,56.43
43:08.6,1.44,4.32,6.21,56.41
43:09.1,1.44,4.33,6.25,56.41
43:09.6,1.44,4.32,6.22,56.37
43:10.1,1.44,4.32,6.21,56.35
43:10.6,1.44,4.33,6.23,56.35
43:11.1,1.44,4.33,6.22,56.37
43:11.6,1.44,4.32,6.21,56.37
43:12.1,1.44,4.33,6.24,56.37
43:12.6,1.44,4.32,6.22,56.37
43:13.1,1.44,4.33,6.21,56.37
43:13.6,1.44,4.32,6.22,56.37
43:14.1,1.44,4.32,6.21,56.35
43:14.6,1.44,4.32,6.21,56.37
43:15.1,1.43,4.32,6.2,56.37
43:15.6,1.44,4.32,6.21,56.35
43:16.1,1.43,4.32,6.2,56.35
43:16.6,1.44,4.32,6.22,56.35
43:17.1,1.44,4.32,6.22,56.35
43:17.6,1.44,4.32,6.21,56.37
43:18.1,1.44,4.32,6.22,56.33
43:18.6,1.44,4.33,6.22,56.41
43:19.1,1.44,4.32,6.23,56.31
43:19.6,1.44,4.32,6.21,56.31
43:20.1,1.44,4.33,6.22,56.31
43:20.6,1.44,4.33,6.23,56.41
43:21.1,1.44,4.33,6.23,56.31
43:21.6,1.44,4.32,6.22,56.35
43:22.1,1.44,4.32,6.21,56.43
43:22.6,1.44,4.32,6.23,56.37
43:23.1,1.44,4.32,6.22,56.41
43:23.6,1.44,4.33,6.23,56.41
43:24.1,1.44,4.32,6.23,56.37
43:24.7,1.44,4.33,6.22,56.37
43:25.2,1.44,4.32,6.21,56.37
43:25.7,1.44,4.32,6.21,56.37
43:26.2,1.44,4.32,6.22,56.41
43:26.7,1.44,4.32,6.23,56.35
43:27.2,1.44,4.32,6.21,56.41
43:27.7,1.44,4.32,6.23,56.35
43:28.2,1.44,4.32,6.21,56.33
43:28.7,1.44,4.32,6.23,56.35
43:29.2,1.44,4.32,6.22,56.37
43:29.7,1.44,4.32,6.21,56.41
43:30.2,1.44,4.32,6.22,56.41
43:30.7,1.44,4.33,6.24,56.37
43:31.2,1.44,4.32,6.23,56.45
43:31.7,1.44,4.32,6.23,56.41
43:32.2,1.44,4.33,6.21,56.41
43:32.7,1.44,4.32,6.22,56.37
43:33.2,1.44,4.33,6.22,56.43
43:33.7,1.44,4.33,6.22,56.41
43:34.2,1.43,4.32,6.2,56.43
43:34.7,1.44,4.33,6.23,56.37
