trial_number,batch_size,learning_rate,seq_len,dropout_rate,hidden_dim,num_layers,cnn_channels1,cnn_channels2,cnn_kernel_size,tf_heads,final_acc,final_loss,precision,recall,f1_score,training_time_s
0,16,0.0005,30,0.4,32,3,,,,,0.9801932395198716,0.04267270298809216,0.9797455692266701,0.9796954264082978,0.9797172691066466,2972.88
1,8,0.002,30,0.4,32,2,,,,,0.981373865612364,0.043405315755844054,0.9809873944897252,0.9809062250773166,0.9809402583635156,3684.27
2,8,0.002,20,0.6,32,3,,,,,0.9794327566253435,0.05122120766444175,0.9794516093253565,0.9787595015913966,0.9789193159206597,4780.61
3,16,0.002,30,0.4,64,2,,,,,0.9877852092496493,0.028393914564672197,0.9874802865651073,0.9875111359792851,0.9874938861559279,2930.02
4,16,0.0005,30,0.4,32,2,,,,,0.9810029447344855,0.04433717015417412,0.9806242399443419,0.9804948676266128,0.9805437302188766,2103.0
5,8,0.0005,30,0.4,64,2,,,,,0.9860305272857554,0.030162090342559216,0.9857384091656789,0.9856628144798449,0.9856943362395885,5035.36
6,16,0.002,30,0.4,32,2,,,,,0.9812733739580551,0.042157499055728714,0.9808082897141651,0.9808708638411721,0.9808280049535675,2121.67
7,8,0.002,20,0.2,64,3,,,,,0.9773161881621052,0.05442191539191601,0.9771324423337817,0.9766306112931202,0.9767585624016996,6083.36
8,8,0.001,30,0.2,64,3,,,,,0.9929140974524279,0.017800250238620204,0.9928369993163821,0.9926863664913357,0.9927426033980821,6860.52
9,16,0.001,45,0.3,64,2,,,,,0.9848253972973374,0.035020409719241176,0.9847714652335494,0.984327150093525,0.9844496355652148,3762.77
10,8,0.001,45,0.2,64,3,,,,,0.9899852007094715,0.02703796780509523,0.9897764955006536,0.9897172004173671,0.9897428650249525,8958.9
11,8,0.001,45,0.2,64,3,,,,,0.9848925426534063,0.035243854065063134,0.9845157307971109,0.9845494609678356,0.984530344440442,9706.51
12,8,0.001,45,0.5,64,3,,,,,0.9850623680270789,0.04001592904709169,0.9847008459177582,0.9847082286948121,0.9847043908517232,10783.56
13,8,0.001,45,0.2,64,3,,,,,0.9829919078696341,0.03890813183407252,0.9826883674429508,0.9825192520987474,0.9825797516058702,9527.1
14,8,0.001,45,0.2,64,3,,,,,0.9646934010399146,0.0996547015447455,0.9639053549106971,0.9639589939543092,0.9638793147841477,13766.01
15,8,0.001,20,0.2,64,3,,,,,0.9782900294158567,0.05419122809267159,0.9779998591043435,0.9776602212133241,0.9777598068173594,6140.79
16,8,0.001,45,0.5,64,3,,,,,0.9901552219933913,0.0226576361793696,0.9898992184743006,0.9899689592202549,0.9899198661203864,8962.75
17,8,0.001,45,0.5,64,3,,,,,0.9770164494310134,0.05908309279104026,0.9766577469158575,0.9763624192535143,0.9764524577578756,8702.48
18,8,0.001,30,0.5,64,3,,,,,0.9851197042651403,0.0330859392085002,0.9848638278843241,0.9846995768528339,0.9847589884103601,7223.67
19,8,0.001,20,0.6,64,3,,,,,0.9716695305568956,0.0781048249818582,0.9709964570491769,0.9709930173655853,0.9709947171278817,7293.66
20,8,0.0005,45,0.3,64,3,,,,,0.9912751832538687,0.021557018744983274,0.9910456418094373,0.9911024827868159,0.9910663489842052,9076.81
21,8,0.0005,45,0.3,64,3,,,,,0.9914451930136563,0.02132150649052141,0.9913560262977257,0.9911695691713449,0.9912360757140031,9292.69
22,8,0.0005,45,0.3,64,3,,,,,0.9941266396103092,0.012172228632176896,0.9939713849978062,0.9940044848366889,0.9939859261134851,8629.23
23,8,0.0005,45,0.3,64,3,,,,,0.9859450474062463,0.0341766525642217,0.9855900190902911,0.985660603074361,0.9856095273773505,8813.74
24,8,0.0005,45,0.3,64,3,,,,,0.9869975463970203,0.030053118752732987,0.9867786985123872,0.9866237452995068,0.9866808464761396,9732.21
25,8,0.0005,30,0.3,64,3,,,,,0.9891010442616386,0.02440356047252138,0.9889924777627425,0.9887570330264956,0.98883585091339,6867.08
26,16,0.0005,45,0.3,32,3,,,,,0.9858774814193536,0.030217056011701708,0.9856120167746436,0.9854890049578298,0.9855365897540385,3323.1
27,8,0.0005,45,0.3,64,3,,,,,0.9844518944117524,0.04829744109875528,0.984068236278084,0.9840964588582336,0.9840812056512918,8643.34
28,8,0.0005,20,0.3,64,3,,,,,0.9819869153191927,0.04162337418715399,0.981686740649419,0.9814809050211605,0.981550937406853,5953.07
29,16,0.0005,30,0.6,32,3,,,,,0.9828251144662217,0.038911250613457654,0.9826887463492089,0.9822894065129695,0.9824025800559583,2838.41
30,8,0.0005,30,0.3,64,3,,,,,0.99166560220879,0.023220028218969836,0.9915065017946693,0.9914375881567187,0.9914666317813844,6989.75
31,8,0.0005,30,0.3,64,3,,,,,0.9900796908950941,0.023889216634027877,0.9899632682235568,0.9897712610382752,0.989838924833486,7042.84
32,8,0.0005,30,0.3,64,3,,,,,0.9860304248245694,0.0338347516428536,0.9858367876941804,0.985616248703022,0.9856908049670496,7158.41
33,8,0.0005,30,0.3,64,3,,,,,0.9892696896814982,0.024160188628145115,0.9890923107440401,0.9889601783757543,0.9890105276967913,7789.15
34,8,0.0005,30,0.3,32,2,,,,,0.9855241982582964,0.02939344753449937,0.9852618307330387,0.9851219336035026,0.9851743281915935,5057.15
35,8,0.002,30,0.6,64,3,,,,,0.96031751696928,0.09673617868206953,0.9625027859979026,0.9588502468854023,0.9591631661266126,9356.89
36,16,0.0005,30,0.3,32,2,,,,,0.9817788036039925,0.03968770891844136,0.9814729343262667,0.981265579918042,0.9813361127546145,2649.11
37,8,0.0005,30,0.2,64,3,,,,,0.9898096032088111,0.0258227389549368,0.9896680942184154,0.9895026248091691,0.9895628814967969,13023.19
38,8,0.002,20,0.4,64,2,,,,,0.9829612421694737,0.041315708214757815,0.9826861515434127,0.9824810827550043,0.9825506589353447,4708.42
39,16,0.0005,30,0.3,32,3,,,,,0.9867052228109566,0.029537825933639128,0.9866377891210822,0.9862710238563787,0.9863789891273732,2965.55
40,8,0.002,45,0.4,64,2,,,,,0.9558315796485208,0.09965899186956592,0.9555085518287987,0.954520017772938,0.9546914185619482,6635.66
41,8,0.0005,45,0.3,64,3,,,,,0.9811923224387644,0.04066272206134546,0.9807336686049557,0.980747531872533,0.9807402654708501,8764.61
42,8,0.0005,45,0.3,64,3,,,,,0.9864202046616729,0.03310625358991166,0.986090299393354,0.9860975562558071,0.9860938431962366,8867.55
43,8,0.0005,45,0.3,64,3,,,,,0.9876086192672195,0.02773091767344088,0.9872928801530753,0.9873634788933408,0.987312724332021,9301.22
44,8,0.0005,45,0.2,64,3,,,,,0.9848589670943386,0.038094236517288396,0.98464472004575,0.9844123407642326,0.9844894824297438,10245.27
45,8,0.0005,45,0.3,64,3,,,,,0.9886953910270572,0.030099294260004062,0.9884423514322379,0.9884052631218764,0.9884220848768854,9194.88
46,8,0.0005,45,0.2,64,3,,,,,0.9875407824632211,0.030405510553529146,0.9873353176940637,0.9871800002172901,0.987237260200374,8698.81
47,16,0.002,30,0.3,64,3,,,,,0.995006041794601,0.016149851710681583,0.9948993332737599,0.9948750105054607,0.9948864059231922,4383.43
48,16,0.002,30,0.6,64,3,,,,,0.9872788005301569,0.031986500977030444,0.9872681449700875,0.9868491217531342,0.9869672351009307,4746.66
49,16,0.002,30,0.4,64,2,,,,,0.9833984701861856,0.03698266979930938,0.9831169596335283,0.9829304305385047,0.9829957517621605,3099.61
50,16,0.002,30,0.2,32,3,,,,,0.9783375251342982,0.05141025050743271,0.9779721476896581,0.9777339384144109,0.9778120549674731,2934.81
51,16,0.002,30,0.3,64,3,,,,,0.9909905879154545,0.026480442383884924,0.9909192070209614,0.99069873590632,0.9907737245776702,4337.27
52,16,0.001,45,0.3,64,3,,,,,0.983636170240473,0.040329144250283645,0.9834573916798701,0.9831354224577669,0.9832334383692601,5287.69
53,8,0.001,20,0.3,64,3,,,,,0.9860195686366978,0.030868658288153234,0.9856743061885285,0.9857046687151121,0.9856876840931583,6055.34
54,8,0.002,30,0.5,64,3,,,,,0.965750828740226,0.08009512085591775,0.965497879403703,0.9647288360702797,0.9648878604943288,7701.11
55,8,0.0005,45,0.3,64,3,,,,,0.9896793387176384,0.022830234597677856,0.9894557733501654,0.9894115570393371,0.9894313173039864,8622.4
56,16,0.001,30,0.3,64,3,,,,,0.9908219766493234,0.025817998169164615,0.9906620930594673,0.9905637824890556,0.9906039153287332,4267.69
57,8,0.0005,45,0.3,64,3,,,,,0.9869294272517838,0.035817005712861436,0.9866718761283535,0.9865738594367369,0.9866131998007914,11010.17
58,8,0.001,45,0.2,64,3,,,,,0.9860129360688396,0.034018752830425616,0.9857922907337704,0.9856057102600478,0.9856715746030229,8944.78
59,8,0.0005,20,0.5,64,3,,,,,0.9804412051015191,0.04816353649475783,0.9802010520391066,0.9798635488124341,0.9799633389189935,6266.59
60,8,0.002,30,0.3,64,3,,,,,0.9715886345043281,0.10029199793758219,0.9713613421421965,0.9709001355264909,0.9710356140330365,8090.13
61,16,0.002,30,0.3,64,3,,,,,0.9843093330528173,0.03803933918227161,0.984107956367263,0.9838533701548231,0.9839359200106352,4872.3
62,16,0.002,30,0.3,64,3,,,,,0.9871099331110609,0.03365831015509681,0.9869227696506564,0.9867326404885184,0.9867990225355833,9480.35
63,16,0.002,30,0.3,64,3,,,,,0.9804634808979333,0.043762501753149476,0.9805149439144549,0.9798101368751274,0.9799730102663199,4404.55
64,16,0.002,30,0.3,64,3,,,,,0.9784718175954088,0.058463225546015206,0.9785338176895267,0.9777611679549382,0.9779314545207911,4283.4
65,16,0.0005,30,0.3,64,3,,,,,0.9847144418130893,0.032487356286682235,0.9843971507710869,0.9843134838425892,0.9843480563559569,4289.66
66,16,0.001,45,0.6,64,3,,,,,0.9877785425960159,0.03344393279901932,0.9874842643498748,0.9874842643498748,0.9874842643498748,5189.87
67,8,0.002,30,0.3,64,3,,,,,0.9797207112992148,0.052015727816844784,0.9796165910514558,0.9791093770789716,0.9792347783780151,7426.84
68,8,0.0005,30,0.2,32,2,,,,,0.9837695618327074,0.03507314096100451,0.9833938831679792,0.98336933064531,0.9833807733194347,3685.7
69,16,0.0005,45,0.3,64,3,,,,,0.9815314834104931,0.049067801820342885,0.9812714405585591,0.980989102785601,0.9810778402716546,5239.6
70,8,0.002,30,0.4,64,3,,,,,0.9607907054953577,0.08963236591822474,0.9613711093933791,0.95949592022721,0.9597379974574016,7786.71
71,16,0.001,30,0.3,64,3,,,,,0.9851873571093378,0.034678631561474035,0.984861483825597,0.9848105230198838,0.9848326560916474,4871.13
72,16,0.001,30,0.3,64,3,,,,,0.9857941550219529,0.03574196649944946,0.9854641823517785,0.9854448965722357,0.9854540177001783,4197.36
73,16,0.001,30,0.3,64,3,,,,,0.9845460183924659,0.03515862129744287,0.9841694888536234,0.9841883572748147,0.9841784005774782,4822.47
74,16,0.001,30,0.3,64,3,,,,,0.9889660630336664,0.029905339705136917,0.988810828009862,0.9886369433437496,0.9886995407926364,5344.54
