time,current,voltage,temp_C,power
20:53:31,1.333,3.751,32.2,5.000083
20:53:32,0.128,3.751,32.2,0.480128
20:53:33,1.234,3.76,32.6,4.63984
20:53:34,1.295,3.76,32.6,4.8692
20:53:35,1.297,3.835,32.6,4.973995
20:53:36,1.347,3.835,32.6,5.165745
20:53:37,1.337,3.835,32.6,5.127395
20:53:38,1.21,3.835,32.6,4.64035
20:53:39,1.204,3.835,32.6,4.61734
20:53:40,1.287,3.835,32.6,4.935645
20:53:41,1.34,3.835,32.6,5.1389
20:53:42,1.343,3.835,32.6,5.150405
20:53:43,1.094,3.835,32.6,4.19549
20:53:44,1.355,3.835,32.6,5.196425
20:53:45,1.294,3.835,32.6,4.96249
20:53:46,1.355,3.835,32.6,5.196425
20:53:47,1.322,3.835,32.6,5.06987
20:53:48,1.347,3.835,32.6,5.165745
20:53:49,1.338,3.835,32.6,5.13123
20:53:50,1.292,3.835,32.6,4.95482
20:53:51,1.318,3.835,32.6,5.05453
20:53:52,1.32,3.835,32.6,5.0622
20:53:53,1.326,3.835,32.6,5.08521
20:53:54,1.353,3.835,32.6,5.188755
20:53:55,1.323,3.835,32.6,5.073705
20:53:56,1.347,3.835,32.6,5.165745
20:53:57,1.324,3.835,32.6,5.07754
20:53:58,1.32,3.835,32.6,5.0622
20:53:59,1.344,3.835,32.6,5.15424
20:54:00,1.334,3.835,32.6,5.11589
20:54:01,1.345,3.835,32.6,5.158075
20:54:02,0.307,3.842,32.6,1.179494
20:54:03,1.326,3.779,32.6,5.010954
20:54:04,1.32,3.843,32.6,5.07276
20:54:05,1.338,3.843,32.6,5.141934
20:54:06,1.325,3.843,32.6,5.091975
20:54:07,1.338,3.844,32.6,5.143272
20:54:08,0.348,3.844,32.6,1.337712
20:54:09,1.355,3.844,32.6,5.20862
20:54:10,1.318,3.844,32.6,5.066392
20:54:11,1.35,3.844,32.6,5.1894
20:54:12,1.345,3.843,32.6,5.168835
20:54:13,1.295,3.843,32.6,4.976685
20:54:14,1.273,3.843,32.6,4.892139
20:54:15,1.352,3.843,32.6,5.195736
20:54:16,1.336,3.843,32.6,5.134248
20:54:17,1.359,3.843,32.6,5.222637
20:54:18,1.329,3.843,32.6,5.107347
20:54:19,1.164,3.843,32.6,4.473252
20:54:20,1.333,3.843,32.6,5.122719
20:54:21,1.362,3.843,32.6,5.234166
20:54:22,1.337,3.843,32.6,5.138091
20:54:23,1.361,3.843,32.6,5.230323
20:54:24,1.338,3.843,32.6,5.141934
20:54:25,1.359,3.843,32.6,5.222637
20:54:26,1.351,3.843,32.6,5.191893
20:54:27,1.361,3.843,32.6,5.230323
20:54:28,1.34,3.843,32.6,5.14962
20:54:29,1.36,3.843,32.6,5.22648
20:54:30,1.345,3.843,32.6,5.168835
20:54:31,1.359,3.843,32.6,5.222637
20:54:32,0.292,3.78,32.7,1.10376
20:54:33,1.063,3.78,32.7,4.01814
20:54:34,1.077,3.827,32.7,4.121679
20:54:35,1.086,3.827,32.7,4.156122
20:54:36,1.34,3.827,32.7,5.12818
20:54:37,1.347,3.827,32.7,5.154969
20:54:38,1.306,3.827,32.7,4.998062
20:54:39,1.172,3.827,32.7,4.485244
20:54:40,1.312,3.827,32.7,5.021024
20:54:42,1.33,3.827,32.7,5.08991
20:54:43,1.341,3.827,32.7,5.132007
20:54:44,1.218,3.827,32.7,4.661286
20:54:45,1.34,3.827,32.7,5.12818
20:54:46,1.345,3.827,32.7,5.147315
20:54:47,1.335,3.827,32.7,5.109045
20:54:48,1.339,3.827,32.7,5.124353
20:54:49,1.335,3.827,32.7,5.109045
20:54:50,1.329,3.827,32.7,5.086083
20:54:51,1.334,3.827,32.7,5.105218
20:54:52,1.344,3.827,32.7,5.143488
20:54:53,1.28,3.827,32.7,4.89856
20:54:54,1.332,3.827,32.7,5.097564
20:54:55,1.319,3.827,32.7,5.047813
20:54:56,1.329,3.827,32.7,5.086083
20:54:57,1.328,3.827,32.7,5.082256
20:54:58,1.321,3.827,32.7,5.055467
20:54:59,1.311,3.827,32.7,5.017197
20:55:00,1.35,3.827,32.7,5.16645
20:55:01,1.321,3.827,32.7,5.055467
20:55:02,1.344,3.849,32.7,5.173056
20:55:03,1.304,3.849,32.7,5.019096
20:55:04,1.343,3.849,32.7,5.169207
20:55:05,1.327,3.849,32.7,5.107623
20:55:06,1.35,3.849,32.7,5.19615
20:55:07,1.307,3.849,32.7,5.030643
20:55:08,1.342,3.849,32.7,5.165358
20:55:09,1.234,3.849,32.7,4.749666
20:55:10,1.355,3.849,32.7,5.215395
20:55:11,1.308,3.849,32.7,5.034492
20:55:12,1.36,3.849,32.7,5.23464
20:55:13,1.335,3.849,32.7,5.138415
20:55:14,1.348,3.849,32.7,5.188452
20:55:15,1.343,3.849,32.7,5.169207
20:55:16,1.345,3.849,32.7,5.176905
20:55:17,1.356,3.849,32.7,5.219244
20:55:18,1.349,3.849,32.7,5.192301
20:55:19,1.353,3.849,32.7,5.207697
20:55:20,1.337,3.849,32.7,5.146113
20:55:21,1.348,3.849,32.7,5.188452
20:55:22,1.355,3.849,32.7,5.215395
20:55:23,1.355,3.849,32.7,5.215395
20:55:24,1.361,3.849,32.7,5.238489
20:55:25,1.356,3.849,32.7,5.219244
20:55:26,1.332,3.849,32.7,5.126868
20:55:27,1.334,3.849,32.7,5.134566
20:55:28,1.336,3.849,32.7,5.142264
20:55:29,1.33,3.849,32.7,5.11917
20:55:30,1.342,3.849,32.7,5.165358
20:55:31,1.321,3.849,32.7,5.084529
20:55:32,1.359,3.849,32.7,5.230791
20:55:33,1.326,3.849,32.7,5.103774
20:55:34,1.353,3.849,32.7,5.207697
20:55:35,1.351,3.849,32.7,5.199999
20:55:36,1.349,3.849,32.7,5.192301
20:55:37,1.327,3.849,32.7,5.107623
20:55:38,1.335,3.849,32.7,5.138415
20:55:39,1.333,3.849,32.7,5.130717
20:55:40,1.291,3.849,32.7,4.969059
20:55:41,1.302,3.849,32.7,5.011398
20:55:42,1.313,3.849,32.7,5.053737
20:55:43,1.34,3.849,32.7,5.15766
20:55:44,1.351,3.849,32.7,5.199999
20:55:45,1.341,3.849,32.7,5.161509
20:55:46,1.348,3.849,32.7,5.188452
20:55:47,1.337,3.849,32.7,5.146113
20:55:48,1.341,3.849,32.7,5.161509
20:55:49,1.33,3.849,32.7,5.11917
20:55:50,1.348,3.849,32.7,5.188452
20:55:51,1.35,3.849,32.7,5.19615
20:55:52,1.341,3.849,32.7,5.161509
20:55:53,1.347,3.849,32.7,5.184603
20:55:54,1.328,3.849,32.7,5.111472
20:55:55,1.336,3.849,32.7,5.142264
20:55:56,1.27,3.849,32.7,4.88823
20:55:57,1.349,3.849,32.7,5.192301
20:55:58,1.358,3.849,32.7,5.226942
20:55:59,1.34,3.849,32.7,5.15766
20:56:00,1.34,3.849,32.7,5.15766
20:56:01,1.357,3.849,32.7,5.223093
20:56:02,1.302,3.856,32.8,5.020512
20:56:03,1.352,3.856,32.8,5.213312
20:56:04,1.358,3.856,32.8,5.236448
20:56:05,1.344,3.856,32.8,5.182464
20:56:06,1.342,3.856,32.8,5.174752
20:56:07,1.346,3.856,32.8,5.190176
20:56:08,1.286,3.856,32.8,4.958816
20:56:09,1.348,3.856,32.8,5.197888
20:56:10,1.334,3.856,32.8,5.143904
20:56:11,1.326,3.856,32.8,5.113056
20:56:12,1.346,3.856,32.8,5.190176
20:56:13,1.346,3.854,32.8,5.187484
20:56:14,1.35,3.854,32.8,5.2029
20:56:15,1.345,3.854,32.8,5.18363
20:56:16,1.332,3.854,32.8,5.133528
20:56:17,1.327,3.854,32.8,5.114258
20:56:19,1.341,3.854,32.8,5.168214
20:56:20,1.282,3.854,32.8,4.940828
20:56:21,1.299,3.854,32.8,5.006346
20:56:22,1.317,3.854,32.8,5.075718
20:56:23,1.327,3.854,32.8,5.114258
20:56:24,1.336,3.854,32.8,5.148944
20:56:25,1.335,3.854,32.8,5.14509
20:56:26,1.329,3.854,32.8,5.121966
20:56:27,1.322,3.854,32.8,5.094988
20:56:28,1.32,3.854,32.8,5.08728
20:56:29,1.341,3.854,32.8,5.168214
20:56:30,1.297,3.854,32.8,4.998638
20:56:31,1.334,3.854,32.8,5.141236
20:56:32,1.32,3.854,32.8,5.08728
20:56:33,1.309,3.854,32.8,5.044886
20:56:34,1.314,3.854,32.8,5.064156
20:56:35,1.314,3.854,32.8,5.064156
20:56:36,1.342,3.854,32.8,5.172068
20:56:37,1.331,3.854,32.8,5.129674
20:56:38,1.347,3.854,32.8,5.191338
20:56:39,1.323,3.854,32.8,5.098842
20:56:40,1.346,3.854,32.8,5.187484
20:56:41,1.327,3.854,32.8,5.114258
20:56:42,1.327,3.854,32.8,5.114258
20:56:43,1.332,3.854,32.8,5.133528
20:56:44,1.352,3.854,32.8,5.210608
20:56:45,1.325,3.854,32.8,5.10655
20:56:46,1.346,3.854,32.8,5.187484
20:56:47,1.294,3.854,32.8,4.987076
20:56:48,1.237,3.854,32.8,4.767398
20:56:49,1.229,3.854,32.8,4.736566
20:56:50,1.287,3.854,32.8,4.960098
20:56:51,1.315,3.854,32.8,5.06801
20:56:52,1.275,3.854,32.8,4.91385
20:56:53,1.283,3.854,32.8,4.944682
20:56:54,1.107,3.854,32.8,4.266378
20:56:55,0.924,3.854,32.8,3.561096
20:56:56,1.102,3.854,32.8,4.247108
20:56:57,1.231,3.854,32.8,4.744274
20:56:58,1.346,3.854,32.8,5.187484
20:56:59,1.323,3.854,32.8,5.098842
20:57:00,1.359,3.854,32.8,5.237586
20:57:01,1.336,3.854,32.8,5.148944
20:57:02,1.341,3.859,32.9,5.174919
20:57:03,1.299,3.859,32.9,5.012841
20:57:04,1.338,3.859,32.9,5.163342
20:57:05,1.356,3.859,32.9,5.232804
20:57:06,1.294,3.859,32.9,4.993546
20:57:07,1.341,3.859,32.9,5.174919
20:57:08,1.31,3.859,32.9,5.05529
20:57:09,1.35,3.859,32.9,5.20965
20:57:10,1.316,3.859,32.9,5.078444
20:57:11,1.348,3.859,32.9,5.201932
20:57:12,1.333,3.859,32.9,5.144047
20:57:13,1.327,3.859,32.9,5.120893
20:57:14,1.347,3.859,32.9,5.198073
20:57:15,1.351,3.859,32.9,5.213509
20:57:16,1.327,3.859,32.9,5.120893
20:57:17,1.307,3.859,32.9,5.043713
20:57:18,1.345,3.859,32.9,5.190355
20:57:19,1.34,3.859,32.9,5.17106
20:57:20,1.34,3.859,32.9,5.17106
20:57:21,1.335,3.859,32.9,5.151765
20:57:22,1.343,3.859,32.9,5.182637
20:57:23,1.345,3.859,32.9,5.190355
20:57:24,1.328,3.859,32.9,5.124752
20:57:25,1.352,3.859,32.9,5.217368
20:57:26,1.19,3.859,32.9,4.59221
20:57:27,1.252,3.859,32.9,4.831468
20:57:28,1.279,3.859,32.9,4.935661
20:57:29,1.291,3.859,32.9,4.981969
20:57:30,1.322,3.859,32.9,5.101598
20:57:31,1.329,3.859,32.9,5.128611
20:57:32,1.334,3.859,32.9,5.147906
20:57:33,1.338,3.861,33,5.166018
20:57:34,1.297,3.861,33,5.007717
20:57:35,1.348,3.861,33,5.204628
20:57:36,1.317,3.861,33,5.084937
20:57:37,1.354,3.861,33,5.227794
20:57:38,1.322,3.861,33,5.104242
20:57:39,1.347,3.861,33,5.200767
20:57:40,1.334,3.861,33,5.150574
20:57:41,1.285,3.861,33,4.961385
20:57:42,1.305,3.861,33,5.038605
20:57:44,1.333,3.861,33,5.146713
20:57:45,1.338,3.861,33,5.166018
20:57:46,1.338,3.861,33,5.166018
20:57:47,1.309,3.861,33,5.054049
20:57:48,1.328,3.861,33,5.127408
20:57:49,1.334,3.861,33,5.150574
20:57:50,1.348,3.861,33,5.204628
20:57:51,1.346,3.861,33,5.196906
20:57:52,1.313,3.861,33,5.069493
20:57:53,1.344,3.861,33,5.189184
20:57:54,1.345,3.861,33,5.193045
20:57:55,1.302,3.861,33,5.027022
20:57:56,1.337,3.861,33,5.162157
20:57:57,1.316,3.861,33,5.081076
20:57:58,1.333,3.861,33,5.146713
20:57:59,1.341,3.861,33,5.177601
20:58:00,1.324,3.861,33,5.111964
20:58:01,1.312,3.861,33,5.065632
20:58:02,1.307,3.863,33,5.048941
20:58:03,1.332,3.863,33,5.145516
20:58:04,1.304,3.863,33,5.037352
20:58:05,1.335,3.863,33,5.157105
20:58:06,1.31,3.863,33,5.06053
20:58:07,1.325,3.863,33,5.118475
20:58:08,1.313,3.863,33,5.072119
20:58:09,1.274,3.863,33,4.921462
20:58:10,1.331,3.863,33,5.141653
20:58:11,1.323,3.863,33,5.110749
20:58:12,1.315,3.863,33,5.079845
20:58:13,1.338,3.863,33,5.168694
20:58:14,1.328,3.865,33,5.13272
20:58:15,1.328,3.865,33,5.13272
20:58:16,1.336,3.865,33,5.16364
20:58:17,1.317,3.865,33,5.090205
20:58:18,1.333,3.865,33,5.152045
20:58:19,1.34,3.865,33,5.1791
20:58:20,1.331,3.865,33,5.144315
20:58:21,1.332,3.865,33,5.14818
20:58:22,1.323,3.865,33,5.113395
20:58:23,1.351,3.865,33,5.221615
20:58:24,1.346,3.865,33,5.20229
20:58:25,1.361,3.865,33,5.260265
20:58:26,1.348,3.865,33,5.21002
20:58:27,1.294,3.865,33,5.00131
20:58:28,1.337,3.865,33,5.167505
20:58:29,1.348,3.865,33,5.21002
20:58:30,1.311,3.865,33,5.067015
20:58:31,1.347,3.865,33,5.206155
20:58:32,1.311,3.865,33,5.067015
20:58:33,1.355,3.865,33,5.237075
20:58:34,1.351,3.865,33,5.221615
20:58:35,1.344,3.865,33,5.19456
20:58:36,1.355,3.865,33,5.237075
20:58:37,1.329,3.865,33,5.136585
20:58:38,1.33,3.865,33,5.14045
20:58:39,1.346,3.865,33,5.20229
20:58:40,1.332,3.865,33,5.14818
20:58:41,1.195,3.865,33,4.618675
20:58:42,1.253,3.865,33,4.842845
20:58:43,1.282,3.865,33,4.95493
20:58:44,1.279,3.865,33,4.943335
20:58:45,1.281,3.865,33,4.951065
20:58:46,1.202,3.865,33,4.64573
20:58:47,1.241,3.865,33,4.796465
20:58:48,1.268,3.865,33,4.90082
20:58:49,1.306,3.865,33,5.04769
20:58:50,1.335,3.865,33,5.159775
20:58:51,1.299,3.865,33,5.020635
20:58:52,1.334,3.865,33,5.15591
20:58:53,1.337,3.865,33,5.167505
20:58:54,1.338,3.865,33,5.17137
20:58:55,1.325,3.865,33,5.121125
20:58:56,1.291,3.865,33,4.989715
20:58:57,1.311,3.865,33,5.067015
20:58:58,1.327,3.865,33,5.128855
20:58:59,1.345,3.865,33,5.198425
20:59:00,1.327,3.865,33,5.128855
20:59:01,1.326,3.865,33,5.12499
20:59:02,1.324,3.868,33.1,5.121232
20:59:03,1.343,3.868,33.1,5.194724
20:59:04,1.335,3.868,33.1,5.16378
20:59:05,1.347,3.868,33.1,5.210196
20:59:06,1.309,3.868,33.1,5.063212
20:59:07,1.324,3.868,33.1,5.121232
20:59:08,1.347,3.868,33.1,5.210196
20:59:09,1.347,3.868,33.1,5.210196
20:59:10,1.333,3.868,33.1,5.156044
20:59:11,1.274,3.868,33.1,4.927832
20:59:13,1.329,3.868,33.1,5.140572
20:59:14,1.337,3.868,33.1,5.171516
20:59:15,1.322,3.868,33.1,5.113496
20:59:16,1.344,3.868,33.1,5.198592
20:59:17,1.319,3.868,33.1,5.101892
20:59:18,1.352,3.868,33.1,5.229536
20:59:19,1.344,3.868,33.1,5.198592
20:59:20,1.34,3.868,33.1,5.18312
20:59:21,1.346,3.868,33.1,5.206328
20:59:22,1.322,3.868,33.1,5.113496
20:59:23,1.341,3.868,33.1,5.186988
20:59:24,1.33,3.868,33.1,5.14444
20:59:25,1.35,3.868,33.1,5.2218
20:59:26,1.341,3.868,33.1,5.186988
20:59:27,1.334,3.868,33.1,5.159912
20:59:28,1.309,3.868,33.1,5.063212
20:59:29,1.339,3.868,33.1,5.179252
20:59:30,1.338,3.868,33.1,5.175384
20:59:31,1.348,3.868,33.1,5.214064
20:59:32,1.319,3.868,33.1,5.101892
20:59:33,1.331,3.868,33.1,5.148308
20:59:34,1.338,3.868,33.1,5.175384
20:59:35,1.34,3.868,33.1,5.18312
20:59:36,1.341,3.868,33.1,5.186988
20:59:37,1.319,3.868,33.1,5.101892
20:59:38,1.219,3.868,33.1,4.715092
20:59:39,1.327,3.868,33.1,5.132836
20:59:40,1.287,3.868,33.1,4.978116
20:59:41,1.31,3.868,33.1,5.06708
20:59:42,1.305,3.868,33.1,5.04774
20:59:43,1.285,3.868,33.1,4.97038
20:59:44,1.293,3.868,33.1,5.001324
20:59:45,1.283,3.868,33.1,4.962644
20:59:46,1.33,3.868,33.1,5.14444
20:59:47,1.304,3.868,33.1,5.043872
20:59:48,1.322,3.868,33.1,5.113496
20:59:49,1.316,3.868,33.1,5.090288
20:59:50,1.34,3.868,33.1,5.18312
20:59:51,1.307,3.868,33.1,5.055476
20:59:52,1.332,3.868,33.1,5.152176
20:59:53,1.337,3.868,33.1,5.171516
20:59:54,1.334,3.868,33.1,5.159912
20:59:55,1.289,3.868,33.1,4.985852
20:59:56,1.336,3.868,33.1,5.167648
20:59:57,1.299,3.868,33.1,5.024532
20:59:58,1.355,3.868,33.1,5.24114
20:59:59,1.332,3.868,33.1,5.152176
21:00:00,1.339,3.868,33.1,5.179252
21:00:01,1.257,3.868,33.1,4.862076
21:00:02,1.165,3.858,33.1,4.49457
21:00:03,1.303,3.858,33.1,5.026974
21:00:04,1.351,3.858,33.1,5.212158
21:00:05,1.347,3.858,33.1,5.196726
21:00:06,1.341,3.858,33.1,5.173578
21:00:07,1.335,3.858,33.1,5.15043
21:00:08,1.35,3.858,33.1,5.2083
21:00:09,1.347,3.858,33.1,5.196726
21:00:10,1.327,3.858,33.1,5.119566
21:00:11,1.354,3.858,33.1,5.223732
21:00:12,1.324,3.858,33.1,5.107992
21:00:13,1.355,3.858,33.1,5.22759
21:00:14,1.354,3.858,33.1,5.223732
21:00:15,1.159,3.873,33.1,4.488807
21:00:16,1.332,3.873,33.1,5.158836
21:00:17,1.33,3.873,33.1,5.15109
21:00:18,1.352,3.873,33.1,5.236296
21:00:19,1.326,3.873,33.1,5.135598
21:00:20,1.349,3.873,33.1,5.224677
21:00:21,1.318,3.873,33.1,5.104614
21:00:22,1.353,3.873,33.1,5.240169
21:00:23,1.331,3.873,33.1,5.154963
21:00:24,1.353,3.873,33.1,5.240169
21:00:25,1.317,3.873,33.1,5.100741
21:00:26,1.337,3.873,33.1,5.178201
21:00:27,1.334,3.873,33.1,5.166582
21:00:28,1.323,3.873,33.1,5.123979
21:00:29,1.304,3.873,33.1,5.050392
21:00:30,1.349,3.873,33.1,5.224677
21:00:31,0.819,3.873,33.1,3.171987
21:00:32,1.331,3.873,33.1,5.154963
21:00:33,1.353,3.873,33.1,5.240169
21:00:34,1.344,3.873,33.1,5.205312
21:00:35,1.343,3.873,33.1,5.201439
21:00:36,1.33,3.873,33.1,5.15109
21:00:37,1.342,3.873,33.1,5.197566
21:00:38,1.343,3.873,33.1,5.201439
21:00:40,1.337,3.873,33.1,5.178201
21:00:40,1.341,3.873,33.1,5.193693
21:00:42,1.164,3.873,33.1,4.508172
21:00:43,1.326,3.873,33.1,5.135598
21:00:44,1.346,3.873,33.1,5.213058
21:00:45,1.347,3.873,33.1,5.216931
21:00:46,1.33,3.873,33.1,5.15109
21:00:47,1.322,3.873,33.1,5.120106
21:00:48,1.348,3.873,33.1,5.220804
21:00:49,1.338,3.873,33.1,5.182074
21:00:50,1.345,3.873,33.1,5.209185
21:00:51,1.336,3.873,33.1,5.174328
21:00:52,1.319,3.873,33.1,5.108487
21:00:53,1.349,3.873,33.1,5.224677
21:00:54,1.334,3.873,33.1,5.166582
21:00:55,1.336,3.873,33.1,5.174328
21:00:56,1.313,3.873,33.1,5.085249
21:00:57,1.323,3.873,33.1,5.123979
21:00:58,1.288,3.873,33.1,4.988424
21:00:59,1.333,3.873,33.1,5.162709
21:01:00,1.33,3.873,33.1,5.15109
21:01:01,1.287,3.873,33.1,4.984551
21:01:02,1.319,3.873,33.1,5.108487
21:01:03,1.313,3.873,33.1,5.085249
21:01:04,1.304,3.873,33.1,5.050392
21:01:05,1.341,3.873,33.1,5.193693
21:01:06,1.318,3.873,33.1,5.104614
21:01:07,1.326,3.873,33.1,5.135598
21:01:08,1.315,3.873,33.1,5.092995
21:01:09,1.339,3.873,33.1,5.185947
21:01:10,1.192,3.873,33.1,4.616616
21:01:11,1.343,3.873,33.1,5.201439
21:01:12,1.315,3.873,33.1,5.092995
21:01:13,1.325,3.873,33.1,5.131725
21:01:14,1.319,3.873,33.1,5.108487
21:01:15,1.328,3.873,33.1,5.143344
21:01:16,1.314,3.873,33.1,5.089122
21:01:17,1.308,3.873,33.1,5.065884
21:01:18,1.33,3.873,33.1,5.15109
21:01:19,1.331,3.873,33.1,5.154963
21:01:20,1.335,3.873,33.1,5.170455
21:01:21,1.323,3.873,33.1,5.123979
21:01:22,1.336,3.873,33.1,5.174328
21:01:23,1.304,3.873,33.1,5.050392
21:01:24,1.337,3.873,33.1,5.178201
21:01:25,1.339,3.873,33.1,5.185947
21:01:26,1.329,3.873,33.1,5.147217
21:01:27,1.321,3.873,33.1,5.116233
21:01:28,1.336,3.873,33.1,5.174328
21:01:29,1.333,3.873,33.1,5.162709
21:01:30,1.353,3.873,33.1,5.240169
21:01:31,1.347,3.873,33.1,5.216931
21:01:32,1.324,3.873,33.1,5.127852
21:01:33,1.31,3.873,33.1,5.07363
21:01:34,1.322,3.873,33.1,5.120106
21:01:35,1.336,3.873,33.1,5.174328
21:01:36,1.344,3.873,33.1,5.205312
21:01:37,1.309,3.873,33.1,5.069757
21:01:38,1.349,3.873,33.1,5.224677
21:01:39,1.34,3.873,33.1,5.18982
21:01:40,1.353,3.873,33.1,5.240169
21:01:41,1.355,3.873,33.1,5.247915
21:01:42,1.258,3.873,33.1,4.872234
21:01:43,1.337,3.873,33.1,5.178201
21:01:44,1.329,3.873,33.1,5.147217
21:01:45,1.348,3.873,33.1,5.220804
21:01:46,1.355,3.873,33.1,5.247915
21:01:47,1.324,3.873,33.1,5.127852
21:01:48,1.356,3.873,33.1,5.251788
21:01:49,1.347,3.873,33.1,5.216931
21:01:50,1.35,3.873,33.1,5.22855
21:01:51,1.341,3.873,33.1,5.193693
21:01:52,1.348,3.873,33.1,5.220804
21:01:53,1.345,3.873,33.1,5.209185
21:01:54,1.351,3.873,33.1,5.232423
21:01:55,1.344,3.873,33.1,5.205312
21:01:56,1.353,3.873,33.1,5.240169
21:01:57,1.353,3.873,33.1,5.240169
21:01:58,1.352,3.873,33.1,5.236296
21:01:59,1.352,3.873,33.1,5.236296
21:02:00,1.34,3.873,33.1,5.18982
21:02:01,1.34,3.88,33.1,5.1992
21:02:02,1.318,3.88,33.1,5.11384
21:02:03,1.343,3.88,33.1,5.21084
21:02:04,1.325,3.88,33.1,5.141
21:02:05,1.347,3.88,33.1,5.22636
21:02:06,1.34,3.88,33.1,5.1992
21:02:07,1.339,3.88,33.1,5.19532
21:02:09,1.335,3.88,33.1,5.1798
21:02:09,1.342,3.88,33.1,5.20696
21:02:11,1.325,3.88,33.1,5.141
21:02:12,1.341,3.88,33.1,5.20308
21:02:13,1.292,3.88,33.1,5.01296
21:02:14,1.301,3.88,33.1,5.04788
21:02:15,1.326,3.88,33.1,5.14488
21:02:16,1.318,3.881,33.1,5.115158
21:02:17,1.307,3.881,33.1,5.072467
21:02:18,1.343,3.881,33.1,5.212183
21:02:19,1.318,3.881,33.1,5.115158
21:02:20,1.337,3.881,33.1,5.188897
21:02:21,1.319,3.881,33.1,5.119039
21:02:22,1.324,3.881,33.1,5.138444
21:02:23,1.32,3.881,33.1,5.12292
21:02:24,1.338,3.881,33.1,5.192778
21:02:25,1.341,3.881,33.1,5.204421
21:02:26,1.342,3.881,33.1,5.208302
21:02:27,1.332,3.881,33.1,5.169492
21:02:28,1.336,3.881,33.1,5.185016
21:02:29,1.324,3.881,33.1,5.138444
21:02:30,1.334,3.881,33.1,5.177254
21:02:31,1.338,3.881,33.1,5.192778
21:02:32,1.329,3.881,33.1,5.157849
21:02:33,1.333,3.881,33.1,5.173373
21:02:34,1.334,3.881,33.1,5.177254
21:02:35,1.344,3.881,33.1,5.216064
21:02:36,1.33,3.881,33.1,5.16173
21:02:37,1.34,3.881,33.1,5.20054
21:02:38,1.321,3.881,33.1,5.126801
21:02:39,1.329,3.881,33.1,5.157849
21:02:40,1.331,3.881,33.1,5.165611
21:02:41,1.312,3.881,33.1,5.091872
21:02:42,1.318,3.881,33.1,5.115158
21:02:43,1.321,3.881,33.1,5.126801
21:02:44,1.312,3.881,33.1,5.091872
21:02:45,1.308,3.881,33.1,5.076348
21:02:46,1.327,3.881,33.1,5.150087
21:02:47,1.328,3.881,33.1,5.153968
21:02:48,1.322,3.881,33.1,5.130682
21:02:49,1.329,3.881,33.1,5.157849
21:02:50,1.318,3.881,33.1,5.115158
21:02:51,1.326,3.881,33.1,5.146206
21:02:52,1.31,3.881,33.1,5.08411
21:02:53,1.33,3.881,33.1,5.16173
21:02:54,1.331,3.881,33.1,5.165611
21:02:55,1.319,3.881,33.1,5.119039
21:02:56,1.305,3.881,33.1,5.064705
21:02:57,1.332,3.881,33.1,5.169492
21:02:58,1.332,3.881,33.1,5.169492
21:02:59,1.308,3.881,33.1,5.076348
21:03:00,1.321,3.881,33.1,5.126801
21:03:01,1.324,3.881,33.1,5.138444
21:03:02,1.337,3.884,33.2,5.192908
21:03:03,1.323,3.884,33.2,5.138532
21:03:04,1.34,3.884,33.2,5.20456
21:03:05,1.346,3.884,33.2,5.227864
21:03:06,1.239,3.884,33.2,4.812276
21:03:07,1.272,3.884,33.2,4.940448
21:03:08,1.136,3.884,33.2,4.412224
21:03:09,1.316,3.884,33.2,5.111344
21:03:10,1.328,3.884,33.2,5.157952
21:03:11,1.336,3.884,33.2,5.189024
21:03:12,1.32,3.884,33.2,5.12688
21:03:13,1.342,3.884,33.2,5.212328
21:03:14,0.974,3.884,33.2,3.783016
21:03:15,1.13,3.884,33.2,4.38892
21:03:16,1.332,3.884,33.2,5.173488
21:03:17,1.331,3.884,33.2,5.169604
21:03:18,1.323,3.884,33.2,5.138532
21:03:19,1.343,3.884,33.2,5.216212
21:03:20,1.335,3.884,33.2,5.18514
21:03:21,1.347,3.884,33.2,5.231748
21:03:22,1.342,3.884,33.2,5.212328
21:03:23,1.342,3.884,33.2,5.212328
21:03:24,1.329,3.884,33.2,5.161836
21:03:25,1.351,3.884,33.2,5.247284
21:03:26,1.337,3.884,33.2,5.192908
21:03:27,1.345,3.884,33.2,5.22398
21:03:28,0.785,3.884,33.2,3.04894
21:03:29,1.348,3.884,33.2,5.235632
21:03:30,1.319,3.884,33.2,5.122996
21:03:31,1.354,3.884,33.2,5.258936
21:03:32,1.334,3.884,33.2,5.181256
21:03:33,1.149,3.884,33.2,4.462716
21:03:34,1.325,3.884,33.2,5.1463
21:03:35,1.332,3.884,33.2,5.173488
21:03:36,1.322,3.884,33.2,5.134648
21:03:37,1.343,3.884,33.2,5.216212
21:03:38,1.332,3.884,33.2,5.173488
21:03:40,1.329,3.884,33.2,5.161836
21:03:41,1.332,3.884,33.2,5.173488
21:03:42,1.345,3.884,33.2,5.22398
21:03:43,1.333,3.884,33.2,5.177372
21:03:44,1.341,3.884,33.2,5.208444
21:03:45,1.327,3.884,33.2,5.154068
21:03:46,1.337,3.884,33.2,5.192908
21:03:47,1.347,3.884,33.2,5.231748
21:03:48,1.343,3.884,33.2,5.216212
21:03:49,1.31,3.884,33.2,5.08804
21:03:50,1.338,3.884,33.2,5.196792
21:03:51,1.346,3.884,33.2,5.227864
21:03:52,1.341,3.884,33.2,5.208444
21:03:53,1.334,3.884,33.2,5.181256
21:03:54,1.344,3.884,33.2,5.220096
21:03:55,1.313,3.884,33.2,5.099692
21:03:56,1.336,3.884,33.2,5.189024
21:03:57,1.332,3.884,33.2,5.173488
21:03:58,1.337,3.884,33.2,5.192908
21:03:59,1.322,3.884,33.2,5.134648
21:04:00,1.335,3.884,33.2,5.18514
21:04:01,1.328,3.884,33.2,5.157952
21:04:02,1.332,3.889,33.2,5.180148
21:04:03,1.305,3.889,33.2,5.075145
21:04:04,1.307,3.889,33.2,5.082923
21:04:05,1.324,3.889,33.2,5.149036
21:04:06,1.337,3.889,33.2,5.199593
21:04:07,1.328,3.889,33.2,5.164592
21:04:08,1.304,3.889,33.2,5.071256
21:04:09,1.309,3.889,33.2,5.090701
21:04:10,1.32,3.889,33.2,5.13348
21:04:11,1.323,3.889,33.2,5.145147
21:04:12,1.336,3.889,33.2,5.195704
21:04:13,1.312,3.889,33.2,5.102368
21:04:14,1.321,3.889,33.2,5.137369
21:04:15,1.323,3.889,33.2,5.145147
21:04:16,1.335,3.889,33.2,5.191815
21:04:17,1.331,3.889,33.2,5.176259
21:04:18,1.312,3.889,33.2,5.102368
21:04:19,1.334,3.889,33.2,5.187926
21:04:20,1.335,3.889,33.2,5.191815
21:04:21,1.332,3.889,33.2,5.180148
21:04:22,1.338,3.889,33.2,5.203482
21:04:23,1.268,3.889,33.2,4.931252
21:04:24,1.331,3.889,33.2,5.176259
21:04:25,1.326,3.889,33.2,5.156814
21:04:26,1.327,3.889,33.2,5.160703
21:04:27,1.325,3.889,33.2,5.152925
21:04:28,1.296,3.889,33.2,5.040144
21:04:29,1.333,3.889,33.2,5.184037
21:04:30,1.335,3.889,33.2,5.191815
21:04:31,1.299,3.889,33.2,5.051811
21:04:32,1.325,3.889,33.2,5.152925
21:04:33,1.296,3.889,33.2,5.040144
21:04:34,1.25,3.889,33.2,4.86125
21:04:35,1.304,3.889,33.2,5.071256
21:04:36,1.318,3.889,33.2,5.125702
21:04:37,1.291,3.889,33.2,5.020699
21:04:38,1.332,3.889,33.2,5.180148
21:04:39,1.304,3.889,33.2,5.071256
21:04:40,1.304,3.889,33.2,5.071256
21:04:41,1.324,3.889,33.2,5.149036
21:04:42,1.324,3.889,33.2,5.149036
21:04:43,1.311,3.889,33.2,5.098479
21:04:44,1.312,3.889,33.2,5.102368
21:04:45,1.32,3.889,33.2,5.13348
21:04:46,1.317,3.889,33.2,5.121813
21:04:47,1.314,3.889,33.2,5.110146
21:04:48,1.341,3.889,33.2,5.215149
21:04:49,1.317,3.889,33.2,5.121813
21:04:50,1.332,3.889,33.2,5.180148
21:04:51,1.333,3.889,33.2,5.184037
21:04:52,1.338,3.889,33.2,5.203482
21:04:53,1.341,3.889,33.2,5.215149
21:04:54,1.332,3.889,33.2,5.180148
21:04:55,1.342,3.889,33.2,5.219038
21:04:56,1.33,3.889,33.2,5.17237
21:04:57,1.349,3.889,33.2,5.246261
21:04:58,1.345,3.889,33.2,5.230705
21:04:59,1.343,3.889,33.2,5.222927
21:05:00,1.34,3.889,33.2,5.21126
21:05:01,1.351,3.894,33.3,5.260794
21:05:02,1.339,3.894,33.3,5.214066
21:05:03,1.344,3.894,33.3,5.233536
21:05:04,1.328,3.894,33.3,5.171232
21:05:05,1.354,3.894,33.3,5.272476
21:05:07,1.315,3.894,33.3,5.12061
21:05:08,1.355,3.894,33.3,5.27637
21:05:09,1.287,3.894,33.3,5.011578
21:05:10,1.343,3.894,33.3,5.229642
21:05:11,1.323,3.894,33.3,5.151762
21:05:12,1.348,3.894,33.3,5.249112
21:05:13,1.331,3.894,33.3,5.182914
21:05:14,1.335,3.894,33.3,5.19849
21:05:15,1.314,3.894,33.3,5.116716
21:05:16,1.345,3.894,33.3,5.23743
21:05:17,1.339,3.894,33.3,5.214066
21:05:18,1.324,3.894,33.3,5.155656
21:05:19,1.329,3.894,33.3,5.175126
21:05:20,1.34,3.894,33.3,5.21796
21:05:21,1.346,3.894,33.3,5.241324
21:05:22,1.334,3.894,33.3,5.194596
21:05:23,1.345,3.894,33.3,5.23743
21:05:24,1.34,3.894,33.3,5.21796
21:05:25,1.34,3.894,33.3,5.21796
21:05:26,1.341,3.894,33.3,5.221854
21:05:27,1.335,3.894,33.3,5.19849
21:05:28,1.349,3.894,33.3,5.253006
21:05:29,1.299,3.894,33.3,5.058306
21:05:30,1.247,3.894,33.3,4.855818
21:05:31,1.269,3.894,33.3,4.941486
21:05:32,1.288,3.894,33.3,5.015472
21:05:33,1.29,3.894,33.3,5.02326
21:05:34,1.256,3.894,33.3,4.890864
21:05:35,1.279,3.894,33.3,4.980426
21:05:36,1.26,3.894,33.3,4.90644
21:05:37,1.279,3.894,33.3,4.980426
21:05:38,1.284,3.894,33.3,4.999896
21:05:39,1.284,3.894,33.3,4.999896
21:05:40,1.285,3.894,33.3,5.00379
21:05:41,1.283,3.894,33.3,4.996002
21:05:42,1.291,3.894,33.3,5.027154
21:05:43,1.28,3.894,33.3,4.98432
21:05:44,1.26,3.894,33.3,4.90644
21:05:45,1.284,3.894,33.3,4.999896
21:05:46,1.283,3.894,33.3,4.996002
21:05:47,1.287,3.894,33.3,5.011578
21:05:48,1.287,3.894,33.3,5.011578
21:05:49,1.281,3.894,33.3,4.988214
21:05:50,1.273,3.894,33.3,4.957062
21:05:51,1.289,3.894,33.3,5.019366
21:05:52,1.279,3.894,33.3,4.980426
21:05:53,1.287,3.894,33.3,5.011578
21:05:54,0.957,3.894,33.3,3.726558
21:05:55,1.298,3.894,33.3,5.054412
21:05:56,1.269,3.894,33.3,4.941486
21:05:57,1.318,3.894,33.3,5.132292
21:05:58,1.328,3.894,33.3,5.171232
21:05:59,1.254,3.894,33.3,4.883076
21:06:00,1.324,3.894,33.3,5.155656
21:06:01,1.328,3.894,33.3,5.171232
21:06:02,1.318,3.897,33.2,5.136246
21:06:03,1.318,3.897,33.2,5.136246
21:06:04,1.313,3.897,33.2,5.116761
21:06:05,1.329,3.897,33.2,5.179113
21:06:06,1.323,3.897,33.2,5.155731
21:06:07,1.331,3.897,33.2,5.186907
21:06:08,1.265,3.897,33.2,4.929705
21:06:09,1.318,3.897,33.2,5.136246
21:06:10,1.319,3.897,33.2,5.140143
21:06:11,1.314,3.897,33.2,5.120658
21:06:12,1.317,3.897,33.2,5.132349
21:06:13,1.322,3.897,33.2,5.151834
21:06:14,1.3,3.897,33.2,5.0661
21:06:15,1.318,3.897,33.2,5.136246
21:06:16,1.331,3.897,33.2,5.186907
21:06:17,1.313,3.897,33.2,5.116761
21:06:18,1.33,3.897,33.2,5.18301
21:06:19,1.216,3.897,33.2,4.738752
21:06:20,1.318,3.897,33.2,5.136246
21:06:21,1.321,3.897,33.2,5.147937
21:06:22,1.33,3.897,33.3,5.18301
21:06:23,1.253,3.897,33.3,4.882941
21:06:24,1.314,3.897,33.3,5.120658
21:06:25,1.28,3.897,33.3,4.98816
21:06:26,1.309,3.897,33.3,5.101173
21:06:27,1.282,3.897,33.3,4.995954
21:06:28,1.33,3.897,33.3,5.18301
21:06:29,1.283,3.897,33.3,4.999851
21:06:30,1.324,3.897,33.3,5.159628
21:06:31,1.28,3.897,33.3,4.98816
21:06:32,1.325,3.897,33.3,5.163525
21:06:33,1.317,3.897,33.3,5.132349
21:06:34,1.315,3.897,33.3,5.124555
21:06:35,1.322,3.897,33.3,5.151834
21:06:36,1.291,3.897,33.3,5.031027
21:06:37,1.321,3.897,33.3,5.147937
21:06:38,1.326,3.897,33.3,5.167422
21:06:39,1.326,3.897,33.3,5.167422
21:06:40,1.323,3.897,33.3,5.155731
21:06:41,1.325,3.897,33.3,5.163525
21:06:42,1.341,3.897,33.3,5.225877
21:06:43,1.336,3.897,33.3,5.206392
21:06:44,1.316,3.897,33.3,5.128452
21:06:45,1.342,3.897,33.3,5.229774
21:06:46,1.211,3.897,33.3,4.719267
21:06:47,1.342,3.897,33.3,5.229774
21:06:48,1.342,3.897,33.3,5.229774
21:06:49,1.347,3.897,33.3,5.249259
21:06:50,1.338,3.897,33.3,5.214186
21:06:51,1.341,3.897,33.3,5.225877
21:06:53,1.305,3.897,33.3,5.085585
21:06:54,1.291,3.897,33.3,5.031027
21:06:55,1.324,3.897,33.3,5.159628
21:06:56,1.34,3.897,33.3,5.22198
21:06:57,1.34,3.897,33.3,5.22198
21:06:58,1.336,3.897,33.3,5.206392
21:06:59,1.35,3.897,33.3,5.26095
21:07:00,1.329,3.897,33.3,5.179113
21:07:01,1.34,3.897,33.3,5.22198
21:07:02,1.342,3.901,33.3,5.235142
21:07:03,1.35,3.901,33.3,5.26635
21:07:04,1.267,3.901,33.3,4.942567
21:07:05,1.345,3.901,33.3,5.246845
21:07:06,1.306,3.901,33.3,5.094706
21:07:07,1.332,3.901,33.3,5.196132
21:07:08,1.327,3.901,33.3,5.176627
21:07:09,1.231,3.901,33.3,4.802131
21:07:10,1.313,3.901,33.3,5.122013
21:07:11,1.323,3.901,33.3,5.161023
21:07:12,1.318,3.901,33.3,5.141518
21:07:13,1.296,3.901,33.3,5.055696
21:07:14,1.331,3.901,33.3,5.192231
21:07:15,1.353,3.901,33.3,5.278053
21:07:16,1.317,3.901,33.3,5.137617
21:07:17,1.341,3.901,33.3,5.231241
21:07:18,1.304,3.901,33.3,5.086904
21:07:19,1.317,3.901,33.3,5.137617
21:07:20,1.348,3.901,33.3,5.258548
21:07:21,1.277,3.901,33.3,4.981577
21:07:22,1.281,3.901,33.3,4.997181
21:07:23,1.3,3.901,33.3,5.0713
21:07:24,1.282,3.901,33.3,5.001082
21:07:25,1.285,3.901,33.3,5.012785
21:07:26,1.293,3.901,33.3,5.043993
21:07:27,1.293,3.901,33.3,5.043993
21:07:28,1.281,3.901,33.3,4.997181
21:07:29,1.292,3.901,33.3,5.040092
21:07:30,1.265,3.901,33.3,4.934765
21:07:31,1.263,3.901,33.3,4.926963
21:07:32,1.273,3.901,33.3,4.965973
21:07:33,1.151,3.901,33.3,4.490051
21:07:34,1.281,3.901,33.3,4.997181
21:07:35,1.29,3.901,33.3,5.03229
21:07:36,1.266,3.901,33.3,4.938666
21:07:37,1.272,3.901,33.3,4.962072
21:07:38,1.26,3.901,33.3,4.91526
21:07:39,1.285,3.901,33.3,5.012785
21:07:40,1.263,3.901,33.3,4.926963
21:07:41,1.33,3.901,33.3,5.18833
21:07:42,1.319,3.901,33.3,5.145419
21:07:43,1.331,3.901,33.3,5.192231
21:07:44,1.295,3.901,33.3,5.051795
21:07:45,1.325,3.901,33.3,5.168825
21:07:46,1.315,3.901,33.3,5.129815
21:07:47,1.335,3.901,33.3,5.207835
21:07:48,1.318,3.901,33.3,5.141518
21:07:49,1.329,3.901,33.3,5.184429
21:07:50,1.307,3.901,33.3,5.098607
21:07:51,1.334,3.901,33.3,5.203934
21:07:52,1.31,3.901,33.3,5.11031
21:07:53,1.332,3.901,33.3,5.196132
21:07:54,1.283,3.901,33.3,5.004983
21:07:55,1.331,3.901,33.3,5.192231
21:07:56,1.305,3.901,33.3,5.090805
21:07:57,1.32,3.901,33.3,5.14932
21:07:58,1.322,3.901,33.3,5.157122
21:07:59,1.317,3.901,33.3,5.137617
21:08:00,1.329,3.901,33.3,5.184429
21:08:01,1.314,3.901,33.3,5.125914
21:08:02,1.323,3.904,33.3,5.164992
21:08:03,1.32,3.904,33.3,5.15328
21:08:04,1.312,3.904,33.3,5.122048
21:08:05,1.329,3.904,33.3,5.188416
21:08:06,1.313,3.904,33.3,5.125952
21:08:07,1.326,3.904,33.3,5.176704
21:08:08,1.255,3.904,33.3,4.89952
21:08:09,1.305,3.904,33.3,5.09472
21:08:10,1.301,3.904,33.3,5.079104
21:08:11,1.331,3.904,33.3,5.196224
21:08:12,1.317,3.904,33.3,5.141568
21:08:13,1.32,3.904,33.3,5.15328
21:08:14,1.322,3.904,33.3,5.161088
21:08:15,1.324,3.904,33.3,5.168896
21:08:16,1.309,3.904,33.3,5.110336
21:08:17,1.321,3.904,33.3,5.157184
21:08:18,1.324,3.904,33.3,5.168896
21:08:19,1.323,3.904,33.3,5.164992
21:08:21,1.312,3.904,33.3,5.122048
21:08:22,0.645,3.904,33.3,2.51808
21:08:23,1.323,3.904,33.3,5.164992
21:08:24,1.334,3.904,33.3,5.207936
21:08:25,1.232,3.904,33.3,4.809728
21:08:26,1.22,3.904,33.3,4.76288
21:08:27,1.176,3.904,33.3,4.591104
21:08:28,1.151,3.904,33.3,4.493504
21:08:29,1.27,3.905,33.3,4.95935
21:08:30,1.28,3.905,33.3,4.9984
21:08:31,1.327,3.905,33.3,5.181935
21:08:32,1.32,3.905,33.3,5.1546
21:08:33,1.337,3.905,33.3,5.220985
21:08:34,1.348,3.905,33.3,5.26394
21:08:35,1.34,3.905,33.3,5.2327
21:08:36,1.33,3.905,33.3,5.19365
21:08:37,1.343,3.905,33.3,5.244415
21:08:38,1.318,3.905,33.3,5.14679
21:08:39,1.332,3.905,33.3,5.20146
21:08:40,1.341,3.905,33.3,5.236605
21:08:41,1.325,3.905,33.3,5.174125
21:08:42,1.338,3.905,33.3,5.22489
21:08:43,1.342,3.905,33.3,5.24051
21:08:44,1.341,3.905,33.3,5.236605
21:08:45,1.343,3.905,33.3,5.244415
21:08:46,1.341,3.905,33.3,5.236605
21:08:47,1.339,3.905,33.3,5.228795
21:08:48,1.32,3.905,33.3,5.1546
21:08:49,1.344,3.905,33.3,5.24832
21:08:50,1.331,3.905,33.3,5.197555
21:08:51,1.342,3.905,33.3,5.24051
21:08:52,1.323,3.905,33.3,5.166315
21:08:53,1.345,3.905,33.3,5.252225
21:08:54,1.34,3.905,33.3,5.2327
21:08:55,1.334,3.905,33.3,5.20927
21:08:56,1.313,3.905,33.3,5.127265
21:08:57,1.336,3.905,33.3,5.21708
21:08:58,1.327,3.905,33.3,5.181935
21:08:59,1.34,3.905,33.3,5.2327
21:09:00,1.319,3.905,33.3,5.150695
21:09:01,1.336,3.905,33.3,5.21708
21:09:02,1.332,3.908,33.3,5.205456
21:09:03,1.344,3.908,33.3,5.252352
21:09:04,1.343,3.908,33.3,5.248444
21:09:05,1.337,3.908,33.3,5.224996
21:09:06,1.339,3.908,33.3,5.232812
21:09:07,1.334,3.908,33.3,5.213272
21:09:08,1.314,3.908,33.3,5.135112
21:09:09,1.321,3.908,33.3,5.162468
21:09:10,1.069,3.908,33.3,4.177652
21:09:11,1.335,3.908,33.3,5.21718
21:09:12,1.342,3.908,33.3,5.244536
21:09:13,0.303,3.908,33.3,1.184124
21:09:14,0.303,3.908,33.3,1.184124
21:09:15,0.627,3.908,33.3,2.450316
21:09:16,0.829,3.908,33.3,3.239732
21:09:17,0.961,3.908,33.3,3.755588
21:09:18,0.887,3.908,33.3,3.466396
21:09:19,1.024,3.908,33.3,4.001792
21:09:20,1.075,3.908,33.3,4.2011
21:09:21,1.094,3.908,33.3,4.275352
21:09:22,1.185,3.908,33.3,4.63098
21:09:23,1.161,3.908,33.3,4.537188
21:09:24,1.314,3.908,33.3,5.135112
21:09:25,1.315,3.908,33.3,5.13902
21:09:26,1.311,3.908,33.3,5.123388
21:09:27,1.323,3.908,33.3,5.170284
21:09:28,1.318,3.908,33.3,5.150744
21:09:29,1.283,3.908,33.3,5.013964
21:09:30,1.309,3.908,33.3,5.115572
21:09:31,1.301,3.908,33.3,5.084308
21:09:32,1.314,3.908,33.3,5.135112
21:09:33,1.316,3.908,33.3,5.142928
21:09:34,1.315,3.908,33.3,5.13902
21:09:35,1.306,3.908,33.3,5.103848
21:09:36,1.278,3.908,33.3,4.994424
21:09:37,1.314,3.908,33.3,5.135112
21:09:38,1.297,3.908,33.3,5.068676
21:09:39,1.302,3.908,33.3,5.088216
21:09:40,1.275,3.908,33.3,4.9827
21:09:41,1.287,3.908,33.3,5.029596
21:09:42,1.227,3.908,33.3,4.795116
21:09:43,1.219,3.908,33.3,4.763852
21:09:44,1.267,3.908,33.3,4.951436
21:09:45,1.308,3.908,33.3,5.111664
21:09:46,1.258,3.908,33.3,4.916264
21:09:47,1.272,3.908,33.3,4.970976
21:09:48,1.329,3.908,33.3,5.193732
21:09:49,1.302,3.908,33.3,5.088216
21:09:50,1.299,3.908,33.3,5.076492
21:09:51,1.298,3.908,33.3,5.072584
21:09:52,1.325,3.908,33.3,5.1781
21:09:54,1.308,3.908,33.3,5.111664
21:09:55,1.295,3.908,33.3,5.06086
21:09:56,1.269,3.908,33.3,4.959252
21:09:57,1.307,3.908,33.3,5.107756
21:09:58,1.33,3.908,33.3,5.19764
21:09:59,1.336,3.908,33.3,5.221088
21:10:00,1.33,3.908,33.3,5.19764
21:10:01,1.322,3.908,33.3,5.166376
21:10:02,1.326,3.911,33.4,5.185986
21:10:03,1.321,3.911,33.4,5.166431
21:10:04,1.34,3.911,33.4,5.24074
21:10:05,1.345,3.911,33.4,5.260295
21:10:06,1.332,3.911,33.4,5.209452
21:10:07,1.337,3.911,33.4,5.229007
21:10:08,1.326,3.911,33.4,5.185986
21:10:09,1.326,3.911,33.4,5.185986
21:10:10,1.35,3.911,33.4,5.27985
21:10:11,1.285,3.911,33.4,5.025635
21:10:12,1.325,3.911,33.4,5.182075
21:10:13,1.337,3.911,33.4,5.229007
21:10:14,1.334,3.911,33.4,5.217274
21:10:15,1.32,3.911,33.4,5.16252
21:10:16,1.347,3.911,33.4,5.268117
21:10:17,1.304,3.911,33.4,5.099944
21:10:18,1.292,3.911,33.4,5.053012
21:10:19,1.301,3.911,33.4,5.088211
21:10:20,1.339,3.911,33.4,5.236829
21:10:21,1.329,3.911,33.4,5.197719
21:10:22,1.303,3.911,33.4,5.096033
21:10:23,1.325,3.911,33.4,5.182075
21:10:24,1.323,3.911,33.4,5.174253
21:10:25,1.339,3.911,33.4,5.236829
21:10:26,1.339,3.911,33.4,5.236829
21:10:27,1.283,3.911,33.4,5.017813
21:10:28,1.343,3.911,33.4,5.252473
21:10:29,1.337,3.911,33.4,5.229007
21:10:30,1.347,3.911,33.4,5.268117
21:10:31,1.309,3.911,33.4,5.119499
21:10:32,1.227,3.911,33.4,4.798797
21:10:33,1.339,3.911,33.4,5.236829
21:10:34,1.344,3.912,33.4,5.257728
21:10:35,1.313,3.912,33.4,5.136456
21:10:36,1.345,3.912,33.4,5.26164
21:10:37,1.311,3.912,33.4,5.128632
21:10:38,1.334,3.912,33.4,5.218608
21:10:39,1.336,3.912,33.4,5.226432
21:10:40,1.333,3.912,33.4,5.214696
21:10:41,1.328,3.912,33.4,5.195136
21:10:42,1.341,3.912,33.4,5.245992
21:10:43,1.349,3.912,33.4,5.277288
21:10:44,1.341,3.912,33.4,5.245992
21:10:45,1.317,3.912,33.4,5.152104
21:10:46,1.318,3.912,33.4,5.156016
21:10:47,1.324,3.912,33.4,5.179488
21:10:48,1.33,3.912,33.4,5.20296
21:10:49,1.35,3.912,33.4,5.2812
21:10:50,1.329,3.912,33.4,5.199048
21:10:51,1.306,3.912,33.4,5.109072
21:10:52,1.33,3.912,33.4,5.20296
21:10:53,1.333,3.912,33.4,5.214696
21:10:54,1.316,3.912,33.4,5.148192
21:10:55,1.311,3.912,33.4,5.128632
21:10:56,1.244,3.912,33.4,4.866528
21:10:57,1.324,3.912,33.4,5.179488
21:10:58,1.319,3.912,33.4,5.159928
21:10:59,1.339,3.912,33.4,5.238168
21:11:00,1.294,3.912,33.4,5.062128
21:11:01,1.281,3.912,33.4,5.011272
21:11:02,1.289,3.91,33.4,5.03999
21:11:03,1.314,3.91,33.4,5.13774
21:11:04,1.317,3.91,33.4,5.14947
21:11:05,1.316,3.91,33.4,5.14556
21:11:06,1.263,3.91,33.4,4.93833
21:11:07,1.322,3.91,33.4,5.16902
21:11:08,1.299,3.91,33.4,5.07909
21:11:09,1.31,3.91,33.4,5.1221
21:11:10,1.294,3.91,33.4,5.05954
21:11:11,1.298,3.91,33.4,5.07518
21:11:12,1.297,3.91,33.4,5.07127
21:11:13,1.261,3.91,33.4,4.93051
21:11:14,1.275,3.91,33.4,4.98525
21:11:15,1.25,3.91,33.4,4.8875
21:11:16,1.281,3.91,33.4,5.00871
21:11:17,1.316,3.91,33.4,5.14556
21:11:18,1.307,3.91,33.4,5.11037
21:11:19,1.315,3.91,33.4,5.14165
21:11:20,1.295,3.91,33.4,5.06345
21:11:22,1.292,3.91,33.4,5.05172
21:11:23,1.306,3.91,33.4,5.10646
21:11:24,1.316,3.91,33.4,5.14556
21:11:25,1.305,3.91,33.4,5.10255
21:11:26,1.301,3.91,33.4,5.08691
21:11:27,1.292,3.91,33.4,5.05172
21:11:28,1.313,3.91,33.4,5.13383
21:11:29,1.323,3.91,33.4,5.17293
21:11:30,1.321,3.91,33.4,5.16511
21:11:31,1.307,3.91,33.4,5.11037
21:11:32,1.29,3.91,33.4,5.0439
21:11:33,1.326,3.91,33.4,5.18466
21:11:34,1.317,3.91,33.4,5.14947
21:11:35,1.324,3.91,33.4,5.17684
21:11:36,1.268,3.91,33.4,4.95788
21:11:37,1.299,3.91,33.4,5.07909
21:11:38,1.323,3.91,33.4,5.17293
21:11:39,1.33,3.91,33.4,5.2003
21:11:40,1.304,3.91,33.4,5.09864
21:11:41,1.331,3.91,33.4,5.20421
21:11:42,1.281,3.91,33.4,5.00871
21:11:43,1.043,3.91,33.4,4.07813
21:11:44,1.291,3.91,33.4,5.04781
21:11:45,1.343,3.91,33.4,5.25113
21:11:46,1.198,3.91,33.4,4.68418
21:11:47,1.305,3.91,33.4,5.10255
21:11:48,1.313,3.91,33.4,5.13383
21:11:49,1.337,3.91,33.4,5.22767
21:11:50,1.319,3.91,33.4,5.15729
21:11:51,1.338,3.91,33.4,5.23158
21:11:52,1.28,3.91,33.4,5.0048
21:11:53,1.048,3.91,33.4,4.09768
21:11:54,1.344,3.91,33.4,5.25504
21:11:55,1.341,3.91,33.4,5.24331
21:11:56,1.319,3.91,33.4,5.15729
21:11:57,1.321,3.91,33.4,5.16511
21:11:58,1.34,3.91,33.4,5.2394
21:11:59,1.341,3.91,33.4,5.24331
21:12:00,1.347,3.91,33.4,5.26677
21:12:01,1.333,3.91,33.4,5.21203
21:12:02,1.322,3.915,33.4,5.17563
21:12:03,1.323,3.915,33.4,5.179545
21:12:04,1.346,3.915,33.4,5.26959
21:12:05,1.336,3.915,33.4,5.23044
21:12:06,1.341,3.915,33.4,5.250015
21:12:07,1.326,3.915,33.4,5.19129
21:12:08,1.333,3.915,33.4,5.218695
21:12:09,1.297,3.915,33.4,5.077755
21:12:10,1.339,3.915,33.4,5.242185
21:12:11,1.327,3.915,33.4,5.195205
21:12:12,1.314,3.915,33.4,5.14431
21:12:13,1.344,3.915,33.4,5.26176
21:12:14,1.318,3.915,33.4,5.15997
21:12:15,1.349,3.915,33.4,5.281335
21:12:16,1.293,3.915,33.4,5.062095
21:12:17,1.309,3.915,33.4,5.124735
21:12:18,1.32,3.915,33.4,5.1678
21:12:19,1.334,3.915,33.4,5.22261
21:12:20,1.285,3.915,33.4,5.030775
21:12:21,1.341,3.915,33.4,5.250015
21:12:22,1.291,3.915,33.4,5.054265
21:12:23,1.329,3.915,33.4,5.203035
21:12:24,1.338,3.915,33.4,5.23827
21:12:25,1.309,3.915,33.4,5.124735
21:12:26,1.33,3.915,33.4,5.20695
21:12:27,1.335,3.915,33.4,5.226525
21:12:28,1.336,3.915,33.4,5.23044
21:12:29,1.331,3.915,33.4,5.210865
21:12:30,1.339,3.915,33.4,5.242185
21:12:31,1.315,3.915,33.4,5.148225
21:12:32,1.291,3.915,33.4,5.054265
21:12:33,1.34,3.915,33.4,5.2461
21:12:34,1.329,3.915,33.4,5.203035
21:12:35,1.335,3.917,33.4,5.229195
21:12:36,1.314,3.917,33.4,5.146938
21:12:37,1.333,3.917,33.4,5.221361
21:12:38,1.314,3.917,33.4,5.146938
21:12:39,1.333,3.917,33.4,5.221361
21:12:40,1.313,3.917,33.4,5.143021
21:12:41,1.266,3.917,33.4,4.958922
21:12:42,1.302,3.917,33.4,5.099934
21:12:43,1.325,3.917,33.4,5.190025
21:12:44,1.299,3.917,33.4,5.088183
21:12:45,1.306,3.917,33.4,5.115602
21:12:46,1.298,3.917,33.4,5.084266
21:12:47,1.31,3.917,33.4,5.13127
21:12:48,1.011,3.917,33.4,3.960087
21:12:49,1.083,3.917,33.4,4.242111
21:12:50,1.185,3.917,33.4,4.641645
21:12:51,1.276,3.917,33.4,4.998092
21:12:53,1.312,3.917,33.4,5.139104
21:12:54,1.326,3.917,33.4,5.193942
21:12:55,1.268,3.917,33.4,4.966756
21:12:56,1.279,3.917,33.4,5.009843
21:12:57,1.19,3.917,33.4,4.66123
21:12:58,1.253,3.917,33.4,4.908001
21:12:59,1.236,3.917,33.4,4.841412
21:13:00,1.298,3.917,33.4,5.084266
21:13:01,1.283,3.917,33.4,5.025511
21:13:02,1.307,3.914,33.4,5.115598
21:13:03,1.302,3.914,33.4,5.096028
21:13:04,1.317,3.914,33.4,5.154738
21:13:05,1.307,3.914,33.4,5.115598
21:13:06,1.309,3.914,33.4,5.123426
21:13:07,1.288,3.914,33.4,5.041232
21:13:08,1.31,3.914,33.4,5.12734
21:13:09,1.297,3.914,33.4,5.076458
21:13:10,1.312,3.914,33.4,5.135168
21:13:11,1.308,3.914,33.4,5.119512
21:13:12,1.272,3.914,33.4,4.978608
21:13:13,1.303,3.914,33.4,5.099942
21:13:14,1.287,3.914,33.4,5.037318
21:13:15,1.303,3.914,33.4,5.099942
21:13:16,1.319,3.914,33.4,5.162566
21:13:17,1.3,3.914,33.4,5.0882
21:13:18,1.315,3.914,33.4,5.14691
21:13:19,1.312,3.914,33.4,5.135168
21:13:20,1.328,3.914,33.4,5.197792
21:13:21,1.308,3.914,33.4,5.119512
21:13:22,1.29,3.914,33.4,5.04906
21:13:23,1.305,3.914,33.4,5.10777
21:13:24,1.322,3.914,33.4,5.174308
21:13:25,1.294,3.914,33.4,5.064716
21:13:26,1.336,3.914,33.4,5.229104
21:13:27,1.292,3.914,33.4,5.056888
21:13:28,1.31,3.914,33.4,5.12734
21:13:29,1.327,3.914,33.4,5.193878
21:13:30,1.227,3.914,33.4,4.802478
21:13:31,1.298,3.914,33.4,5.080372
21:13:32,1.319,3.914,33.4,5.162566
21:13:33,1.326,3.914,33.4,5.189964
21:13:34,1.338,3.914,33.4,5.236932
21:13:35,1.333,3.914,33.4,5.217362
21:13:36,1.343,3.914,33.4,5.256502
21:13:37,1.305,3.914,33.4,5.10777
21:13:38,1.317,3.914,33.4,5.154738
21:13:39,1.336,3.914,33.4,5.229104
21:13:40,1.333,3.914,33.4,5.217362
21:13:41,1.346,3.914,33.4,5.268244
21:13:42,1.139,3.914,33.4,4.458046
21:13:43,1.337,3.914,33.4,5.233018
21:13:44,1.332,3.914,33.4,5.213448
21:13:45,1.347,3.914,33.4,5.272158
21:13:46,1.326,3.914,33.4,5.189964
21:13:47,1.31,3.914,33.4,5.12734
21:13:48,1.311,3.914,33.4,5.131254
21:13:49,1.347,3.914,33.4,5.272158
21:13:50,1.317,3.914,33.4,5.154738
21:13:51,1.334,3.914,33.4,5.221276
21:13:52,1.306,3.914,33.4,5.111684
21:13:53,1.341,3.914,33.4,5.248674
21:13:54,1.321,3.914,33.4,5.170394
21:13:55,1.342,3.914,33.4,5.252588
21:13:56,1.314,3.914,33.4,5.142996
21:13:57,1.327,3.914,33.4,5.193878
21:13:58,1.317,3.914,33.4,5.154738
21:13:59,1.341,3.914,33.4,5.248674
21:14:00,1.325,3.914,33.4,5.18605
21:14:01,1.324,3.914,33.4,5.182136
21:14:02,1.323,3.921,33.4,5.187483
21:14:03,1.325,3.921,33.4,5.195325
21:14:04,1.328,3.921,33.4,5.207088
21:14:05,1.346,3.921,33.4,5.277666
21:14:06,1.333,3.921,33.4,5.226693
21:14:07,1.332,3.921,33.4,5.222772
21:14:08,1.345,3.921,33.4,5.273745
21:14:09,1.328,3.921,33.4,5.207088
21:14:10,1.348,3.921,33.4,5.285508
21:14:11,1.333,3.921,33.4,5.226693
21:14:12,1.34,3.921,33.4,5.25414
21:14:13,1.326,3.921,33.4,5.199246
21:14:14,1.327,3.921,33.4,5.203167
21:14:15,1.328,3.921,33.4,5.207088
21:14:16,1.259,3.921,33.4,4.936539
21:14:17,1.322,3.921,33.4,5.183562
21:14:18,1.309,3.921,33.4,5.132589
21:14:19,1.335,3.921,33.4,5.234535
21:14:20,1.337,3.921,33.4,5.242377
21:14:21,1.319,3.921,33.4,5.171799
21:14:22,1.307,3.921,33.4,5.124747
21:14:23,1.334,3.921,33.4,5.230614
21:14:25,1.304,3.921,33.4,5.112984
21:14:26,1.324,3.921,33.4,5.191404
21:14:27,1.335,3.921,33.4,5.234535
21:14:28,1.289,3.921,33.4,5.054169
21:14:29,1.329,3.921,33.4,5.211009
21:14:30,1.315,3.921,33.4,5.156115
21:14:31,1.322,3.921,33.4,5.183562
21:14:32,1.312,3.921,33.4,5.144352
21:14:33,1.322,3.921,33.4,5.183562
21:14:34,1.29,3.921,33.4,5.05809
21:14:35,1.307,3.921,33.4,5.124747
21:14:36,1.305,3.921,33.4,5.116905
21:14:37,1.239,3.922,33.5,4.859358
21:14:38,1.297,3.922,33.5,5.086834
21:14:39,1.317,3.922,33.5,5.165274
21:14:40,1.213,3.922,33.5,4.757386
21:14:41,1.285,3.922,33.5,5.03977
21:14:42,1.092,3.922,33.5,4.282824
21:14:43,1.276,3.922,33.5,5.004472
21:14:44,1.212,3.922,33.5,4.753464
21:14:45,1.309,3.922,33.5,5.133898
21:14:46,1.297,3.922,33.5,5.086834
21:14:47,1.199,3.922,33.5,4.702478
21:14:48,1.302,3.922,33.5,5.106444
21:14:49,1.287,3.922,33.5,5.047614
21:14:50,1.308,3.922,33.5,5.129976
21:14:51,1.307,3.922,33.5,5.126054
21:14:52,1.297,3.922,33.5,5.086834
21:14:53,1.3,3.922,33.5,5.0986
21:14:54,1.295,3.922,33.5,5.07899
21:14:55,1.298,3.922,33.5,5.090756
21:14:56,1.282,3.922,33.5,5.028004
21:14:57,1.297,3.922,33.5,5.086834
21:14:58,1.303,3.922,33.5,5.110366
21:14:59,1.32,3.922,33.5,5.17704
21:15:00,1.311,3.922,33.5,5.141742
21:15:01,1.299,3.922,33.5,5.094678
21:15:02,1.31,3.925,33.5,5.14175
21:15:03,1.317,3.925,33.5,5.169225
21:15:04,1.316,3.925,33.5,5.1653
21:15:05,1.307,3.925,33.5,5.129975
21:15:06,1.315,3.925,33.5,5.161375
21:15:07,1.294,3.925,33.5,5.07895
21:15:08,1.329,3.925,33.5,5.216325
21:15:09,1.303,3.925,33.5,5.114275
21:15:10,1.331,3.925,33.5,5.224175
21:15:11,1.311,3.925,33.5,5.145675
21:15:12,1.322,3.925,33.5,5.18885
21:15:13,1.323,3.925,33.5,5.192775
21:15:14,1.335,3.925,33.5,5.239875
21:15:15,1.311,3.925,33.5,5.145675
21:15:16,1.282,3.925,33.5,5.03185
21:15:17,1.271,3.925,33.5,4.988675
21:15:18,1.338,3.925,33.5,5.25165
21:15:19,1.325,3.925,33.5,5.200625
21:15:20,1.333,3.925,33.5,5.232025
21:15:21,1.329,3.925,33.5,5.216325
21:15:22,1.336,3.925,33.5,5.2438
21:15:23,1.332,3.925,33.5,5.2281
21:15:24,1.345,3.925,33.5,5.279125
21:15:25,1.319,3.925,33.5,5.177075
21:15:26,1.301,3.925,33.5,5.106425
21:15:27,1.329,3.925,33.5,5.216325
21:15:28,1.348,3.925,33.5,5.2909
21:15:29,1.336,3.925,33.5,5.2438
21:15:30,1.343,3.925,33.5,5.271275
21:15:31,1.337,3.925,33.5,5.247725
21:15:32,1.336,3.925,33.5,5.2438
21:15:33,1.33,3.925,33.5,5.22025
21:15:34,1.347,3.925,33.5,5.286975
21:15:35,1.337,3.925,33.5,5.247725
21:15:36,1.339,3.925,33.5,5.255575
21:15:37,1.336,3.925,33.5,5.2438
21:15:38,1.345,3.925,33.5,5.279125
21:15:39,1.339,3.925,33.5,5.255575
21:15:40,1.343,3.925,33.5,5.271275
21:15:41,1.335,3.925,33.5,5.239875
21:15:42,1.303,3.925,33.5,5.114275
21:15:43,1.337,3.925,33.5,5.247725
21:15:44,1.329,3.925,33.5,5.216325
21:15:45,1.346,3.925,33.5,5.28305
21:15:46,1.276,3.925,33.5,5.0083
21:15:47,1.231,3.925,33.5,4.831675
21:15:48,1.062,3.925,33.5,4.16835
21:15:49,1.273,3.925,33.5,4.996525
21:15:50,1.276,3.925,33.5,5.0083
21:15:51,1.314,3.925,33.5,5.15745
21:15:52,1.334,3.925,33.5,5.23595
21:15:53,1.332,3.925,33.5,5.2281
21:15:54,1.285,3.925,33.5,5.043625
21:15:55,1.334,3.925,33.5,5.23595
21:15:56,0.897,3.925,33.5,3.520725
21:15:57,1.231,3.925,33.5,4.831675
21:15:58,1.299,3.925,33.5,5.098575
21:15:59,1.32,3.925,33.5,5.181
21:16:00,1.31,3.925,33.5,5.14175
21:16:01,1.267,3.922,33.4,4.969174
21:16:02,1.142,3.922,33.4,4.478924
21:16:03,1.336,3.922,33.4,5.239792
21:16:05,1.296,3.922,33.4,5.082912
21:16:06,1.333,3.922,33.4,5.228026
21:16:07,1.327,3.922,33.4,5.204494
21:16:08,1.325,3.922,33.4,5.19665
21:16:09,1.32,3.922,33.4,5.17704
21:16:10,1.335,3.922,33.4,5.23587
21:16:11,1.304,3.922,33.4,5.114288
21:16:12,1.336,3.922,33.4,5.239792
21:16:13,1.251,3.922,33.4,4.906422
21:16:14,1.299,3.922,33.4,5.094678
21:16:15,1.284,3.922,33.4,5.035848
21:16:16,1.307,3.922,33.4,5.126054
21:16:17,1.304,3.922,33.4,5.114288
21:16:18,1.317,3.922,33.4,5.165274
21:16:19,1.314,3.922,33.4,5.153508
21:16:20,1.317,3.922,33.4,5.165274
21:16:21,1.311,3.922,33.4,5.141742
21:16:22,1.322,3.922,33.4,5.184884
21:16:23,1.306,3.922,33.4,5.122132
21:16:24,1.328,3.922,33.4,5.208416
21:16:25,1.317,3.922,33.4,5.165274
21:16:26,1.327,3.922,33.4,5.204494
21:16:27,1.316,3.922,33.4,5.161352
21:16:28,1.323,3.922,33.4,5.188806
21:16:29,1.321,3.922,33.4,5.180962
21:16:30,1.319,3.922,33.4,5.173118
21:16:31,1.316,3.922,33.4,5.161352
21:16:32,1.289,3.922,33.4,5.055458
21:16:33,1.315,3.922,33.4,5.15743
21:16:34,1.314,3.922,33.4,5.153508
21:16:35,1.315,3.922,33.4,5.15743
21:16:36,1.192,3.922,33.4,4.675024
21:16:37,1.279,3.922,33.4,5.016238
21:16:38,1.3,3.922,33.4,5.0986
21:16:39,1.31,3.922,33.4,5.13782
21:16:40,1.299,3.922,33.4,5.094678
21:16:41,1.309,3.922,33.4,5.133898
21:16:42,1.282,3.926,33.4,5.033132
21:16:43,1.265,3.926,33.4,4.96639
21:16:44,1.302,3.926,33.4,5.111652
21:16:45,1.312,3.926,33.4,5.150912
21:16:46,1.308,3.926,33.4,5.135208
21:16:47,1.303,3.926,33.4,5.115578
21:16:48,1.295,3.926,33.4,5.08417
21:16:49,1.265,3.926,33.4,4.96639
21:16:50,1.308,3.926,33.4,5.135208
21:16:51,1.306,3.926,33.4,5.127356
21:16:52,1.298,3.926,33.4,5.095948
21:16:53,1.317,3.926,33.4,5.170542
21:16:54,1.303,3.926,33.4,5.115578
21:16:55,1.314,3.926,33.4,5.158764
21:16:56,1.31,3.926,33.4,5.14306
21:16:57,1.319,3.926,33.4,5.178394
21:16:58,1.33,3.926,33.4,5.22158
21:16:59,1.324,3.926,33.4,5.198024
21:17:00,1.325,3.926,33.4,5.20195
21:17:01,1.33,3.926,33.4,5.22158
21:17:02,1.323,3.93,33.4,5.19939
21:17:03,1.319,3.93,33.4,5.18367
21:17:04,1.337,3.93,33.4,5.25441
21:17:05,1.336,3.93,33.4,5.25048
21:17:06,1.319,3.93,33.4,5.18367
21:17:07,1.341,3.93,33.4,5.27013
21:17:08,1.318,3.93,33.4,5.17974
21:17:09,1.337,3.93,33.4,5.25441
21:17:10,1.33,3.93,33.4,5.2269
21:17:11,1.31,3.93,33.4,5.1483
21:17:12,1.324,3.93,33.4,5.20332
21:17:13,1.34,3.93,33.4,5.2662
21:17:14,1.341,3.93,33.4,5.27013
21:17:15,1.317,3.93,33.4,5.17581
21:17:16,1.324,3.93,33.4,5.20332
21:17:17,1.343,3.93,33.4,5.27799
21:17:18,1.207,3.93,33.4,4.74351
21:17:19,1.261,3.93,33.4,4.95573
21:17:20,1.318,3.93,33.4,5.17974
21:17:21,1.316,3.93,33.4,5.17188
21:17:22,1.315,3.93,33.4,5.16795
21:17:23,1.334,3.93,33.4,5.24262
21:17:24,1.302,3.93,33.4,5.11686
21:17:25,1.336,3.93,33.4,5.25048
21:17:26,1.322,3.93,33.4,5.19546
21:17:27,1.332,3.93,33.4,5.23476
21:17:28,1.321,3.93,33.4,5.19153
21:17:29,1.332,3.93,33.4,5.23476
21:17:30,1.325,3.93,33.4,5.20725
21:17:31,1.328,3.93,33.4,5.21904
21:17:32,1.327,3.93,33.4,5.21511
21:17:34,1.328,3.93,33.4,5.21904
21:17:35,1.329,3.93,33.4,5.22297
21:17:36,1.333,3.93,33.4,5.23869
21:17:37,1.326,3.93,33.4,5.21118
21:17:38,1.323,3.93,33.4,5.19939
21:17:39,1.333,3.93,33.4,5.23869
21:17:40,1.309,3.93,33.4,5.14437
21:17:41,1.326,3.93,33.4,5.21118
21:17:42,1.324,3.93,33.4,5.20332
21:17:43,1.326,3.93,33.4,5.21118
21:17:44,1.327,3.93,33.4,5.21511
21:17:45,1.336,3.93,33.4,5.25048
21:17:46,1.336,3.93,33.4,5.25048
21:17:47,1.312,3.93,33.4,5.15616
21:17:48,1.261,3.93,33.4,4.95573
21:17:49,1.325,3.93,33.4,5.20725
21:17:50,1.331,3.93,33.4,5.23083
21:17:51,1.328,3.93,33.4,5.21904
21:17:52,1.324,3.93,33.4,5.20332
21:17:53,1.329,3.93,33.4,5.22297
21:17:54,1.335,3.93,33.4,5.24655
21:17:55,1.335,3.93,33.4,5.24655
21:17:56,1.312,3.93,33.4,5.15616
21:17:57,1.332,3.93,33.4,5.23476
21:17:58,1.334,3.93,33.4,5.24262
21:17:59,1.325,3.93,33.4,5.20725
21:18:00,1.328,3.93,33.4,5.21904
21:18:01,1.333,3.93,33.4,5.23869
21:18:02,1.328,3.932,33.3,5.221696
21:18:03,1.324,3.932,33.3,5.205968
21:18:04,1.329,3.932,33.3,5.225628
21:18:05,1.327,3.932,33.3,5.217764
21:18:06,1.326,3.932,33.3,5.213832
21:18:07,1.311,3.932,33.3,5.154852
21:18:08,1.288,3.932,33.3,5.064416
21:18:09,1.323,3.932,33.3,5.202036
21:18:10,1.293,3.932,33.3,5.084076
21:18:11,1.314,3.932,33.3,5.166648
21:18:12,1.319,3.932,33.3,5.186308
21:18:13,1.277,3.932,33.3,5.021164
21:18:14,1.325,3.932,33.3,5.2099
21:18:15,1.32,3.932,33.3,5.19024
21:18:16,1.303,3.932,33.3,5.123396
21:18:17,1.31,3.932,33.3,5.15092
21:18:18,1.286,3.932,33.3,5.056552
21:18:19,1.288,3.932,33.3,5.064416
21:18:20,1.306,3.932,33.3,5.135192
21:18:21,1.302,3.932,33.3,5.119464
21:18:22,1.296,3.932,33.3,5.095872
21:18:23,1.294,3.932,33.3,5.088008
21:18:24,1.317,3.932,33.3,5.178444
21:18:25,1.292,3.932,33.3,5.080144
21:18:26,1.286,3.932,33.3,5.056552
21:18:27,1.305,3.932,33.3,5.13126
21:18:28,1.27,3.932,33.3,4.99364
21:18:29,1.308,3.932,33.3,5.143056
21:18:30,1.309,3.932,33.3,5.146988
21:18:31,1.294,3.932,33.3,5.088008
21:18:32,1.304,3.932,33.3,5.127328
21:18:33,1.311,3.932,33.3,5.154852
21:18:34,1.309,3.932,33.3,5.146988
21:18:35,1.306,3.932,33.3,5.135192
21:18:36,1.309,3.932,33.3,5.146988
21:18:37,1.308,3.932,33.3,5.143056
21:18:38,1.307,3.932,33.3,5.139124
21:18:39,1.304,3.932,33.3,5.127328
21:18:40,1.293,3.932,33.3,5.084076
21:18:41,1.327,3.932,33.3,5.217764
21:18:42,1.288,3.932,33.3,5.064416
21:18:43,1.318,3.933,33.2,5.183694
21:18:44,1.223,3.933,33.2,4.810059
21:18:45,1.327,3.933,33.2,5.219091
21:18:46,1.306,3.933,33.2,5.136498
21:18:47,1.301,3.933,33.2,5.116833
21:18:48,1.326,3.933,33.2,5.215158
21:18:49,1.254,3.933,33.2,4.931982
21:18:50,1.317,3.933,33.2,5.179761
21:18:51,1.211,3.933,33.2,4.762863
21:18:52,1.25,3.933,33.2,4.91625
